country_name,country_code,ticker,etf_price_field,year,etf_price_start,etf_price_end,etf_return_pct,gdp_current_usd,gdp_real_growth_pct,etf_minus_gdp_growth_pct
Australia,AUS,SAUS.L,Close,2015,1934.5,1829.25,-5.440682346859649,1233914000000.0,2.34,-7.780682346859649
Australia,AUS,SAUS.L,Close,2016,1785.25,2430.75,36.157400924240314,1262645000000.0,2.694,33.46340092424031
Australia,AUS,SAUS.L,Close,2017,2468.0,2655.5,7.597244732576991,1381106000000.0,2.38,5.217244732576991
Australia,AUS,SAUS.L,Close,2018,2642.25,2459.5,-6.916453779922415,1417158000000.0,2.791,-9.707453779922416
Australia,AUS,SAUS.L,Close,2019,2470.25,2901.5,17.4577471915798,1386289000000.0,1.936,15.521747191579799
Australia,AUS,SAUS.L,Close,2020,2930.0,3067.5,4.692832764505117,1362665000000.0,-1.953,6.645832764505117
Australia,AUS,SAUS.L,Close,2021,3091.0,4537.0,46.78097703008734,1655838000000.0,5.418,41.36297703008734
Australia,AUS,SAUS.L,Close,2022,4625.5,4287.5,-7.307318127769968,1725433000000.0,4.132,-11.439318127769969
Australia,AUS,SAUS.L,Close,2023,4231.5,4880.5,15.337350821221785,1742311000000.0,2.066,13.271350821221784
Australia,AUS,SAUS.L,Close,2024,4859.0,3954.5,-18.61494134595596,1795492000000.0,1.023,-19.63794134595596
Australia,AUS,SAUS.L,Close,2025,4031.0,4201.0,4.217315802530397,1829508000000.0,1.809,2.408315802530397
Australia,AUS,SAUS.L,Close,2026,4182.0,4765.5,13.952654232424688,1948227000000.0,2.149,11.803654232424687
Brazil,BRA,XMBR.L,Close,2015,2433.75,1511.75,-37.88392398561891,1800046000000.0,-3.546,-34.33792398561891
Brazil,BRA,XMBR.L,Close,2016,1473.25,3024.5,105.29441710503988,1796622000000.0,-3.276,108.57041710503988
Brazil,BRA,XMBR.L,Close,2017,3094.5,3414.0,10.3247697527872,2063519000000.0,1.323,9.0017697527872
Brazil,BRA,XMBR.L,Close,2018,3489.25,3574.5,2.4432184566884008,1916934000000.0,1.784,0.6592184566884007
Brazil,BRA,XMBR.L,Close,2019,3785.5,4303.5,13.683793422269176,1873286000000.0,1.221,12.462793422269176
Brazil,BRA,XMBR.L,Close,2020,4383.5,3358.5,-23.383141325424894,1476092000000.0,-3.277,-20.106141325424893
Brazil,BRA,XMBR.L,Close,2021,3345.0,2783.5,-16.786248131539615,1670650000000.0,4.763,-21.549248131539613
Brazil,BRA,XMBR.L,Close,2022,2701.0,3503.0,29.692706405035164,1951849000000.0,3.017,26.675706405035164
Brazil,BRA,XMBR.L,Close,2023,3328.0,4393.5,32.01622596153846,2191137000000.0,3.242,28.77422596153846
Brazil,BRA,XMBR.L,Close,2024,4361.5,3136.5,-28.086667430929722,2179413000000.0,3.396,-31.482667430929723
Brazil,BRA,XMBR.L,Close,2025,3189.5,4336.5,35.96174949051576,2256910000000.0,2.4,33.56174949051576
Brazil,BRA,XMBR.L,Close,2026,4350.0,5281.0,21.40229885057472,2292690000000.0,1.942,19.46029885057472
Bulgaria,BGR,BGX.L,Close,2018,0.5746999979019165,0.5325000286102295,-7.342956228597242,66318000000.0,2.549,-9.891956228597241
Bulgaria,BGR,BGX.L,Close,2019,0.531499981880188,0.4772500097751617,-10.206956529540479,68639000000.0,3.789,-13.995956529540479
Bulgaria,BGR,BGX.L,Close,2020,0.4772500097751617,0.3878999948501587,-18.721846641154993,70658000000.0,-3.216,-15.505846641154992
Bulgaria,BGR,BGX.L,Close,2021,0.3851499855518341,0.5176500082015991,34.4021881397508,84477000000.0,7.781,26.6211881397508
Bulgaria,BGR,BGX.L,Close,2022,0.5148500204086304,0.4670499861240387,-9.284263841856966,90719000000.0,4.039,-13.323263841856965
Bulgaria,BGR,BGX.L,Close,2023,0.4622499942779541,0.5524500012397766,19.513252153246018,102434000000.0,1.887,17.626252153246018
Bulgaria,BGR,BGX.L,Close,2024,0.5637000203132629,0.6333000063896179,12.346990166449956,112232000000.0,2.811,9.535990166449956
Bulgaria,BGR,BGX.L,Close,2025,0.6273000240325928,0.8014500141143799,27.761833797210045,127924000000.0,3.05,24.711833797210044
Bulgaria,BGR,BGX.L,Close,2026,0.8021000027656555,0.9113500118255616,13.620497280041155,142203000000.0,3.089,10.531497280041155
Canada,CAN,CSCA.L,Close,2015,7859.5,6273.0,-20.185762453082255,1556508000000.0,0.65,-20.835762453082253
Canada,CAN,CSCA.L,Close,2016,6136.0,9362.0,52.57496740547587,1527996000000.0,1.039,51.535967405475866
Canada,CAN,CSCA.L,Close,2017,9402.5,9844.0,4.695559691571383,1649266000000.0,3.034,1.6615596915713828
Canada,CAN,CSCA.L,Close,2018,9797.0,8632.0,-11.891395325099518,1725300000000.0,2.743,-14.634395325099518
Canada,CAN,CSCA.L,Close,2019,8756.5,10514.5,20.07651458916233,1743725000000.0,1.908,18.168514589162328
Canada,CAN,CSCA.L,Close,2020,10585.5,10763.5,1.6815455103679655,1655685000000.0,-5.038,6.719545510367966
Canada,CAN,CSCA.L,Close,2021,10792.5,13546.0,25.513087792448452,2022382000000.0,5.951,19.56208779244845
Canada,CAN,CSCA.L,Close,2022,13554.0,13297.5,-1.8924302788844605,2190411000000.0,4.189,-6.0814302788844605
Canada,CAN,CSCA.L,Close,2023,13292.0,14329.0,7.8016852241949985,2173340000000.0,1.529,6.272685224194999
Canada,CAN,CSCA.L,Close,2024,14365.0,16336.0,13.720849286460158,2243637000000.0,1.555,12.165849286460158
Canada,CAN,CSCA.L,Close,2025,16655.5,20807.0,24.92570021914682,2283599000000.0,1.153,23.77270021914682
Canada,CAN,CSCA.L,Close,2026,20672.0,22109.0,6.951431888544901,2420837000000.0,1.541,5.410431888544901
China,CHN,FRCH.L,Close,2019,24.93000030517578,22.21999931335449,-10.870441069584192,14572410000000.0,6.065,-16.935441069584193
China,CHN,FRCH.L,Close,2020,22.89249992370605,28.174999237060547,23.07524006097852,15103357000000.0,2.337,20.73824006097852
China,CHN,FRCH.L,Close,2021,28.26749992370605,22.725000381469727,-19.607321330841152,18190803000000.0,8.556,-28.16332133084115
China,CHN,FRCH.L,Close,2022,22.127500534057617,19.58099937438965,-11.50830910951064,18307816000000.0,3.112,-14.62030910951064
China,CHN,FRCH.L,Close,2023,20.26499938964844,16.16200065612793,-20.24672517688978,18270351000000.0,5.377,-25.623725176889778
China,CHN,FRCH.L,Close,2024,16.052000045776367,19.575000762939453,21.9474252872935,18749759000000.0,5.003,16.944425287293498
China,CHN,FRCH.L,Close,2025,19.55900001525879,24.1200008392334,23.319192292123226,19398577000000.0,4.796,18.523192292123227
China,CHN,FRCH.L,Close,2026,24.729999542236328,23.86000061035156,-3.5179900848720136,20650754000000.0,4.163,-7.680990084872014
China,CHN,IASH.L,Close,2015,516.0,281.1000061035156,-45.52325463110163,11307226000000.0,7.018,-52.54125463110163
China,CHN,IASH.L,Close,2016,258.6000061035156,277.20001220703125,7.19257759648706,11448003000000.0,6.776,0.41657759648705994
China,CHN,IASH.L,Close,2017,282.20001220703125,330.0,16.938336543338316,12503299000000.0,6.891,10.047336543338316
China,CHN,IASH.L,Close,2018,334.875,256.6499938964844,-23.359464308627288,14110963000000.0,6.759,-30.11846430862729
China,CHN,IASH.L,Close,2019,256.8500061035156,334.1499938964844,30.095380944556148,14572410000000.0,6.065,24.030380944556146
China,CHN,IASH.L,Close,2020,341.70001220703125,459.9500122070313,34.60637862908651,15103357000000.0,2.337,32.2693786290865
China,CHN,IASH.L,Close,2021,473.1000061035156,480.5499877929688,1.574716041712132,18190803000000.0,8.556,-6.981283958287867
China,CHN,IASH.L,Close,2022,474.1499938964844,397.5499877929688,-16.155226634936692,18307816000000.0,3.112,-19.26722663493669
China,CHN,IASH.L,Close,2023,402.1000061035156,322.70001220703125,-19.746329940627717,18270351000000.0,5.377,-25.123329940627716
China,CHN,IASH.L,Close,2024,320.3500061035156,364.3999938964844,13.75058122481656,18749759000000.0,5.003,8.74758122481656
China,CHN,IASH.L,Close,2025,358.8500061035156,428.7999877929688,19.492818865739437,19398577000000.0,4.796,14.696818865739438
China,CHN,IASH.L,Close,2026,432.7000122070313,446.7999877929688,3.2586030016544587,20650754000000.0,4.163,-0.9043969983455415
France,FRA,ISFR.L,Close,2015,1880.0,1990.0,5.85106382978724,2442731000000.0,0.998,4.8530638297872395
France,FRA,ISFR.L,Close,2016,1936.5,2505.5,29.382907306997154,2469726000000.0,0.735,28.647907306997155
France,FRA,ISFR.L,Close,2017,2517.0,2986.5,18.65315852205005,2587955000000.0,2.268,16.385158522050048
France,FRA,ISFR.L,Close,2018,2986.5,2758.75,-7.625983592834418,2782838000000.0,1.593,-9.218983592834418
France,FRA,ISFR.L,Close,2019,2756.0,3395.5,23.203918722786643,2723094000000.0,2.091,21.11291872278664
France,FRA,ISFR.L,Close,2020,3432.0,3449.5,0.5099067599067642,2645806000000.0,-7.603,8.112906759906764
France,FRA,ISFR.L,Close,2021,3474.0,4137.25,19.091824985607374,2968405000000.0,6.794,12.297824985607374
France,FRA,ISFR.L,Close,2022,4199.5,4088.25,-2.6491248958209312,2796987000000.0,2.801,-5.450124895820931
France,FRA,ISFR.L,Close,2023,4129.75,4706.25,13.959682789515092,3061093000000.0,1.619,12.340682789515093
France,FRA,ISFR.L,Close,2024,4684.0,4531.0,-3.2664389410759997,3160902000000.0,1.102,-4.368438941076
France,FRA,ISFR.L,Close,2025,4544.25,5424.0,19.359630302030027,3361557000000.0,0.671,18.688630302030028
France,FRA,ISFR.L,Close,2026,5450.0,5782.5,6.100917431192654,3558562000000.0,0.911,5.189917431192654
Germany,DEU,XDAX.L,Close,2015,9618.580078125,10555.3701171875,9.73937973644352,3425446000000.0,1.663,8.07637973644352
Germany,DEU,XDAX.L,Close,2016,10103.7001953125,11225.8896484375,11.106717652267895,3535812000000.0,2.217,8.889717652267894
Germany,DEU,XDAX.L,Close,2017,11326.7197265625,11165.0,-1.4277719451576742,3764023000000.0,2.806,-4.233771945157674
Germany,DEU,XDAX.L,Close,2018,11102.0,9251.5,-16.66816789767609,4057272000000.0,1.133,-17.801167897676088
Germany,DEU,XDAX.L,Close,2019,9249.5,10776.0,16.503594788907506,3960332000000.0,0.973,15.530594788907505
Germany,DEU,XDAX.L,Close,2020,10983.0,11787.0,7.320404261130831,3938244000000.0,-4.127,11.447404261130831
Germany,DEU,XDAX.L,Close,2021,11908.0,12714.0,6.768558951965065,4358147000000.0,3.913,2.855558951965065
Germany,DEU,XDAX.L,Close,2022,12869.0,11750.0,-8.69531432123708,4204327000000.0,1.807,-10.50231432123708
Germany,DEU,XDAX.L,Close,2023,11892.0,13771.0,15.80053817692566,4563523000000.0,-0.872,16.67253817692566
Germany,DEU,XDAX.L,Close,2024,13768.0,15581.0,13.168216153399182,4684182000000.0,-0.496,13.664216153399183
Germany,DEU,XDAX.L,Close,2025,15601.0,20070.0,28.645599641048648,5013574000000.0,0.191,28.45459964104865
Germany,DEU,XDAX.L,Close,2026,20020.0,20660.0,3.1968031968031996,5328184000000.0,0.944,2.2528031968031996
Hong Kong,HKG,HKDU.L,Close,2025,16.891429901123047,17.143583297729492,1.4927889354688695,428233000000.0,2.438,-0.9452110645311307
Hong Kong,HKG,HKDU.L,Close,2026,17.502830505371094,19.03300094604492,8.742417063367336,446646000000.0,2.122,6.620417063367336
India,IND,FRIN.L,Close,2019,19.8799991607666,18.95800018310547,-4.637822015006455,2835606000000.0,3.871,-8.508822015006455
India,IND,FRIN.L,Close,2020,19.302000045776367,20.700000762939453,7.24277646797018,2674852000000.0,-5.778,13.02077646797018
India,IND,FRIN.L,Close,2021,21.11750030517578,26.19499969482422,24.044036066162477,3167271000000.0,9.69,14.354036066162477
India,IND,FRIN.L,Close,2022,26.61000061035156,27.024999618530277,1.5595603106348,3346107000000.0,7.609,-6.0494396893652
India,IND,FRIN.L,Close,2023,27.022499084472656,31.01499938964844,14.774726396308434,3638490000000.0,9.191,5.583726396308434
India,IND,FRIN.L,Close,2024,31.19499969482422,34.91749954223633,11.933001711263792,3909892000000.0,6.495,5.438001711263792
India,IND,FRIN.L,Close,2025,35.834999084472656,33.49250030517578,-6.536902020772983,4125213000000.0,6.646,-13.182902020772982
India,IND,FRIN.L,Close,2026,33.709999084472656,32.244998931884766,-4.345891997554796,4505629000000.0,6.159,-10.504891997554797
India,IND,IIND.L,Close,2018,5.140399932861328,4.01200008392334,-21.951596445334964,2702930000000.0,6.454,-28.405596445334965
India,IND,IIND.L,Close,2019,4.039000034332275,4.161250114440918,3.026741249554177,2835606000000.0,3.871,-0.8442587504458232
India,IND,IIND.L,Close,2020,4.206999778747559,4.597499847412109,9.282150919931919,2674852000000.0,-5.778,15.060150919931917
India,IND,IIND.L,Close,2021,4.662499904632568,5.83650016784668,25.179630825249944,3167271000000.0,9.69,15.489630825249945
India,IND,IIND.L,Close,2022,5.9079999923706055,5.994999885559082,1.4725777471365165,3346107000000.0,7.609,-6.1364222528634835
India,IND,IIND.L,Close,2023,5.999000072479248,6.74399995803833,12.41873439836767,3638490000000.0,9.191,3.2277343983676694
India,IND,IIND.L,Close,2024,6.777999877929688,7.488500118255615,10.482446933046363,3909892000000.0,6.495,3.987446933046363
India,IND,IIND.L,Close,2025,7.709000110626221,7.269000053405762,-5.7076151369352734,4125213000000.0,6.646,-12.353615136935273
India,IND,IIND.L,Close,2026,7.328999996185303,7.03000020980835,-4.079680536670494,4505629000000.0,6.159,-10.238680536670493
Japan,JPN,IJPN.L,Close,2015,738.8010864257812,828.2013549804688,12.10072239974549,4444931000000.0,1.561,10.53972239974549
Japan,JPN,IJPN.L,Close,2016,808.2324829101562,1008.5516967773438,24.784850659046718,5003678000000.0,0.754,24.030850659046717
Japan,JPN,IJPN.L,Close,2017,1013.0452880859376,1124.0316162109375,10.955712388209115,4930837000000.0,1.675,9.280712388209114
Japan,JPN,IJPN.L,Close,2018,1120.935546875,1011.8070068359376,-9.735487499107009,5040881000000.0,0.643,-10.37848749910701
Japan,JPN,IJPN.L,Close,2019,1023.043701171875,1136.337890625,11.074227750324738,5117995000000.0,-0.402,11.476227750324737
Japan,JPN,IJPN.L,Close,2020,1154.819091796875,1253.90380859375,8.580107265346747,5054069000000.0,-4.169,12.749107265346748
Japan,JPN,IJPN.L,Close,2021,1249.907470703125,1260.5489501953125,0.851381381551497,5039148000000.0,2.697,-1.845618618448503
Japan,JPN,IJPN.L,Close,2022,1277.0364990234375,1147.0718994140625,-10.177046600372053,4263231000000.0,0.96,-11.137046600372052
Japan,JPN,IJPN.L,Close,2023,1158.0654296875,1282.68994140625,10.761439597793675,4204573000000.0,1.245,9.516439597793674
Japan,JPN,IJPN.L,Close,2024,1285.688720703125,1375.8602294921875,7.013479027781222,4019382000000.0,0.104,6.909479027781222
Japan,JPN,IJPN.L,Close,2025,1397.35400390625,1584.3712158203125,13.383667373569107,4279828000000.0,1.076,12.307667373569107
Japan,JPN,IJPN.L,Close,2026,1587.8709716796875,1796.5,13.138915695374154,4463634000000.0,0.633,12.505915695374153
Japan,JPN,LCJP.L,Close,2018,1500.0,9.267999649047852,-99.38213335673014,5040881000000.0,0.643,-100.02513335673014
Japan,JPN,LCJP.L,Close,2019,9.371000289916992,10.62399959564209,13.371030487250124,5117995000000.0,-0.402,13.773030487250123
Japan,JPN,LCJP.L,Close,2020,10.79599952697754,11.927000045776367,10.476107524575461,5054069000000.0,-4.169,14.645107524575462
Japan,JPN,LCJP.L,Close,2021,11.904000282287598,12.194000244140623,2.436155535753204,5039148000000.0,2.697,-0.2608444642467962
Japan,JPN,LCJP.L,Close,2022,12.36400032043457,11.324000358581545,-8.411516781782735,4263231000000.0,0.96,-9.371516781782734
Japan,JPN,LCJP.L,Close,2023,11.44499969482422,12.914999961853027,12.844039372876392,4204573000000.0,1.245,11.59903937287639
Japan,JPN,LCJP.L,Close,2024,12.937999725341797,14.0649995803833,8.710773527333115,4019382000000.0,0.104,8.606773527333116
Japan,JPN,LCJP.L,Close,2025,14.281999588012695,16.54199981689453,15.824116328771787,4279828000000.0,1.076,14.748116328771786
Japan,JPN,LCJP.L,Close,2026,16.562000274658203,18.881999969482425,14.007967976996682,4463634000000.0,0.633,13.374967976996682
Kuwait,KWT,MKUW.L,Close,2019,42.54249954223633,46.94499969482422,10.348475524380207,140855000000.0,2.264,8.084475524380208
Kuwait,KWT,MKUW.L,Close,2020,46.935001373291016,42.307498931884766,-9.85938490680346,111048000000.0,-4.817,-5.042384906803459
Kuwait,KWT,MKUW.L,Close,2021,42.3125,54.39500045776367,28.555392514655644,148346000000.0,1.672,26.883392514655643
Kuwait,KWT,MKUW.L,Close,2022,54.56999969482422,57.65499877929688,5.65328770702791,183539000000.0,6.759,-1.1057122929720906
Kuwait,KWT,MKUW.L,Close,2023,56.58000183105469,52.53499984741211,-7.149172592324704,165396000000.0,-1.667,-5.482172592324704
Kuwait,KWT,MKUW.L,Close,2024,53.084999084472656,57.345001220703125,8.024869943864266,160226000000.0,-2.56,10.584869943864266
Kuwait,KWT,MKUW.L,Close,2025,57.20500183105469,71.88999938964844,25.67082787963788,157469000000.0,2.574,23.09682787963788
Kuwait,KWT,MKUW.L,Close,2026,71.83999633789062,69.37000274658203,-3.438187245571789,162895000000.0,3.927,-7.365187245571789
Malaysia,MYS,XCX3.L,Close,2015,863.5,721.5,-16.444701795020265,301355000000.0,5.007,-21.451701795020263
Malaysia,MYS,XCX3.L,Close,2016,705.0,834.625,18.386524822695026,301256000000.0,4.45,13.936524822695027
Malaysia,MYS,XCX3.L,Close,2017,837.875,922.25,10.070117857675665,319109000000.0,5.813,4.257117857675666
Malaysia,MYS,XCX3.L,Close,2018,922.25,941.625,2.1008403361344463,358783000000.0,4.843,-2.7421596638655537
Malaysia,MYS,XCX3.L,Close,2019,947.875,890.0,-6.105762890676514,365178000000.0,4.413,-10.518762890676514
Malaysia,MYS,XCX3.L,Close,2020,901.25,886.5,-1.6366158113730878,337456000000.0,-5.457,3.820384188626912
Malaysia,MYS,XCX3.L,Close,2021,880.375,827.75,-5.977566377963939,373785000000.0,3.315,-9.292566377963938
Malaysia,MYS,XCX3.L,Close,2022,815.25,876.5,7.513032812020848,407830000000.0,9.032,-1.5189671879791522
Malaysia,MYS,XCX3.L,Close,2023,865.875,790.625,-8.690630864732206,399949000000.0,3.537,-12.227630864732205
Malaysia,MYS,XCX3.L,Close,2024,793.75,967.0,21.826771653543297,422227000000.0,5.105,16.721771653543296
Malaysia,MYS,XCX3.L,Close,2025,973.375,1041.5,6.998844227558743,470572000000.0,4.5,2.4988442275587426
Malaysia,MYS,XCX3.L,Close,2026,1036.75,1121.75,8.198697853870263,505364000000.0,4.0,4.198697853870263
Mexico,MEX,XMEX.L,Close,2015,342.5,308.3500061035156,-9.970801137659668,1213294000000.0,2.702,-12.672801137659668
Mexico,MEX,XMEX.L,Close,2016,303.8999938964844,340.04998779296875,11.895358546403244,1112233000000.0,1.772,10.123358546403244
Mexico,MEX,XMEX.L,Close,2017,337.04998779296875,349.5,3.693817729694926,1190721000000.0,1.872,1.8218177296949258
Mexico,MEX,XMEX.L,Close,2018,356.75,317.95001220703125,-10.875960138183249,1256300000000.0,1.972,-12.847960138183248
Mexico,MEX,XMEX.L,Close,2019,325.54998779296875,339.70001220703125,4.346498216753458,1304106000000.0,-0.393,4.739498216753458
Mexico,MEX,XMEX.L,Close,2020,345.6499938964844,327.04998779296875,-5.381167780111684,1121065000000.0,-8.354,2.972832219888315
Mexico,MEX,XMEX.L,Close,2021,329.6499938964844,395.5499877929688,19.990897957419087,1316569000000.0,6.048,13.942897957419087
Mexico,MEX,XMEX.L,Close,2022,391.6000061035156,437.7000122070313,11.77221792262424,1466935000000.0,3.71,8.062217922624239
Mexico,MEX,XMEX.L,Close,2023,440.3500061035156,571.0,29.66957921780333,1798318000000.0,3.354,26.315579217803332
Mexico,MEX,XMEX.L,Close,2024,568.75,416.7000122070313,-26.73406378777472,1856366000000.0,1.427,-28.16106378777472
Mexico,MEX,XMEX.L,Close,2025,432.2999877929688,610.0,41.10571760925723,1862740000000.0,0.99,40.11571760925723
Mexico,MEX,XMEX.L,Close,2026,611.25,703.75,15.132924335378316,2030999000000.0,1.544,13.588924335378316
Pakistan,PAK,XBAK.L,Close,2015,2.0,1.7799999713897705,-11.000001430511475,299930000000.0,3.812,-14.812001430511474
Pakistan,PAK,XBAK.L,Close,2016,1.7799999713897705,2.369999885559082,33.1460631265436,313623000000.0,4.072,29.074063126543603
Pakistan,PAK,XBAK.L,Close,2017,2.4800000190734863,1.809999942779541,-27.01613190084786,339229000000.0,4.609,-31.62513190084786
Pakistan,PAK,XBAK.L,Close,2018,1.8899999856948853,1.2000000476837158,-36.50793350442705,356163000000.0,6.096,-42.60393350442705
Pakistan,PAK,XBAK.L,Close,2019,1.2599999904632568,1.2100000381469729,-3.9682502138671305,321071000000.0,3.12,-7.088250213867131
Pakistan,PAK,XBAK.L,Close,2020,1.25,1.1200000047683716,-10.399999618530275,300410000000.0,-0.943,-9.456999618530276
Pakistan,PAK,XBAK.L,Close,2021,1.159999966621399,0.949999988079071,-18.103446946983205,348481000000.0,5.77,-23.873446946983204
Pakistan,PAK,XBAK.L,Close,2022,0.9800000190734864,0.6700000166893005,-31.632652688850627,374850000000.0,6.18,-37.812652688850626
Pakistan,PAK,XBAK.L,Close,2023,0.6800000071525574,0.800000011920929,17.647059339140526,336555000000.0,-0.212,17.859059339140526
Pakistan,PAK,XBAK.L,Close,2024,0.8059999942779541,1.3270000219345093,64.64020240140165,371408000000.0,2.51,62.130202401401654
Pakistan,PAK,XBAK.L,Close,2025,1.337499976158142,1.805500030517578,34.99065889359694,410495000000.0,2.676,32.314658893596935
Pakistan,PAK,XBAK.L,Close,2026,1.8539999723434448,1.712000012397766,-7.65911337993127,,3.578,-11.23711337993127
Philippines,PHL,XPHG.L,Close,2015,133.4499969482422,125.5500030517578,-5.919815719102905,306446000000.0,6.348,-12.267815719102906
Philippines,PHL,XPHG.L,Close,2016,123.3499984741211,145.1999969482422,17.713821438518494,318627000000.0,7.149,10.564821438518493
Philippines,PHL,XPHG.L,Close,2017,144.5500030517578,158.10000610351562,9.373920972458283,328481000000.0,6.931,2.4429209724582828
Philippines,PHL,XPHG.L,Close,2018,157.35000610351562,139.60000610351562,-11.280584246258519,346842000000.0,6.341,-17.621584246258518
Philippines,PHL,XPHG.L,Close,2019,142.0500030517578,144.5500030517578,1.7599436439921012,376823000000.0,6.119,-4.3590563560078985
Philippines,PHL,XPHG.L,Close,2020,143.4499969482422,135.85000610351562,-5.29800697553775,361751000000.0,-9.518,4.2199930244622506
Philippines,PHL,XPHG.L,Close,2021,136.3000030517578,132.75,-2.6045509701197567,394087000000.0,5.715,-8.319550970119757
Philippines,PHL,XPHG.L,Close,2022,131.0,126.75,-3.244274809160308,404353000000.0,7.581,-10.825274809160309
Philippines,PHL,XPHG.L,Close,2023,127.4499969482422,120.8000030517578,-5.217727780083814,437055000000.0,5.519,-10.736727780083815
Philippines,PHL,XPHG.L,Close,2024,123.25,119.5999984741211,-2.9614616842830843,461617000000.0,5.692,-8.653461684283084
Philippines,PHL,XPHG.L,Close,2025,122.3499984741211,112.75,-7.84634131086781,494158000000.0,5.435,-13.28134131086781
Philippines,PHL,XPHG.L,Close,2026,113.6999969482422,125.6500015258789,10.510118644133737,533922000000.0,5.731,4.779118644133737
Poland,POL,SPOL.L,Close,2015,1347.75,1053.5,-21.83268410313486,479729000000.0,4.432,-26.26468410313486
Poland,POL,SPOL.L,Close,2016,1022.5,1266.25,23.838630806845963,472883000000.0,3.031,20.807630806845964
Poland,POL,SPOL.L,Close,2017,1282.0,1778.5,38.728549141965686,528497000000.0,5.152,33.576549141965685
Poland,POL,SPOL.L,Close,2018,1773.4000244140625,1641.699951171875,-7.426416568687122,594641000000.0,6.246,-13.672416568687122
Poland,POL,SPOL.L,Close,2019,1669.699951171875,1482.800048828125,-11.193622076384123,602592000000.0,4.581,-15.774622076384123
Poland,POL,SPOL.L,Close,2020,1523.199951171875,1272.4000244140625,-16.465331853829134,605930000000.0,-2.036,-14.429331853829135
Poland,POL,SPOL.L,Close,2021,1293.199951171875,1378.0,6.557381072531032,689253000000.0,6.927,-0.3696189274689674
Poland,POL,SPOL.L,Close,2022,1398.199951171875,1130.5,-19.14604209129798,695734000000.0,5.255,-24.401042091297978
Poland,POL,SPOL.L,Close,2023,1142.5,1599.9000244140625,40.0350130778173,812959000000.0,0.25,39.7850130778173
Poland,POL,SPOL.L,Close,2024,1555.4000244140625,1520.300048828125,-2.2566526317986946,914553000000.0,2.923,-5.179652631798694
Poland,POL,SPOL.L,Close,2025,1532.199951171875,2451.75,60.01501619451326,1039619000000.0,3.243,56.772016194513256
Poland,POL,SPOL.L,Close,2026,2521.0,2653.0,5.236017453391506,1109962000000.0,3.136,2.100017453391506
Saudi Arabia,SAU,IKSA.L,Close,2019,5.0,4.474500179290772,-10.509996414184553,888888000000.0,1.652,-12.161996414184552
Saudi Arabia,SAU,IKSA.L,Close,2020,4.501999855041504,4.505000114440918,0.06664281421631113,767303000000.0,-3.805,3.8716428142163113
Saudi Arabia,SAU,IKSA.L,Close,2021,4.481500148773193,6.158999919891357,37.43165715563745,982661000000.0,6.52,30.911657155637453
Saudi Arabia,SAU,IKSA.L,Close,2022,6.205999851226807,5.813499927520752,-6.324523575817764,1239075000000.0,12.001,-18.325523575817762
Saudi Arabia,SAU,IKSA.L,Close,2023,5.871500015258789,6.363500118255615,8.379461836297741,1218585000000.0,0.543,7.836461836297741
Saudi Arabia,SAU,IKSA.L,Close,2024,6.495999813079834,6.382999897003174,-1.7395307778354963,1239805000000.0,1.997,-3.7365307778354966
Saudi Arabia,SAU,IKSA.L,Close,2025,6.420000076293945,6.0295000076293945,-6.082555514391419,1268535000000.0,4.021,-10.10355551439142
Saudi Arabia,SAU,IKSA.L,Close,2026,6.045000076293945,6.256999969482422,3.5070287926025845,1316250000000.0,3.978,-0.4709712073974157
South Africa,ZAF,SRSA.L,Close,2015,2139.25,1684.0,-21.280822718242376,346663000000.0,1.322,-22.602822718242376
South Africa,ZAF,SRSA.L,Close,2016,1638.0,2383.0,45.48229548229548,323493000000.0,0.665,44.81729548229548
South Africa,ZAF,SRSA.L,Close,2017,2402.25,2972.5,23.738162139660734,381317000000.0,1.158,22.580162139660732
South Africa,ZAF,SRSA.L,Close,2018,2931.0,2345.5,-19.976117366086665,405093000000.0,1.557,-21.533117366086664
South Africa,ZAF,SRSA.L,Close,2019,2329.25,2467.5,5.935386927122455,389245000000.0,0.26,5.675386927122455
South Africa,ZAF,SRSA.L,Close,2020,2487.0,2319.75,-6.724969843184558,337876000000.0,-6.169,-0.5559698431845588
South Africa,ZAF,SRSA.L,Close,2021,2336.5,2443.0,4.558099721806119,419878000000.0,4.859,-0.30090027819388077
South Africa,ZAF,SRSA.L,Close,2022,2455.25,2629.0,7.0766724366154055,407430000000.0,2.058,5.018672436615406
South Africa,ZAF,SRSA.L,Close,2023,2685.0,2492.5,-7.1694599627560525,381334000000.0,0.806,-7.9754599627560525
South Africa,ZAF,SRSA.L,Close,2024,2463.0,2723.0,10.55623223710922,401076000000.0,0.535,10.02123223710922
South Africa,ZAF,SRSA.L,Close,2025,2795.0,4501.5,61.055456171735244,426383000000.0,1.149,59.90645617173524
South Africa,ZAF,SRSA.L,Close,2026,4492.5,5209.0,15.948803561491376,443643000000.0,1.151,14.797803561491376
South Korea,KOR,CSKR.L,Close,2015,119.37999725341795,111.30999755859376,-6.759926185702048,1539212000000.0,2.92,-9.679926185702048
South Korea,KOR,CSKR.L,Close,2016,106.5,122.2750015258789,14.8122080055201,1578816000000.0,3.172,11.6402080055201
South Korea,KOR,CSKR.L,Close,2017,122.5500030517578,173.9199981689453,41.917579631142,1710197000000.0,3.433,38.484579631142
South Korea,KOR,CSKR.L,Close,2018,178.8800048828125,140.22000122070312,-21.612255482347642,1824251000000.0,3.176,-24.788255482347644
South Korea,KOR,CSKR.L,Close,2019,137.31500244140625,155.0500030517578,12.915559330757965,1751046000000.0,2.314,10.601559330757965
South Korea,KOR,CSKR.L,Close,2020,154.4250030517578,223.6499938964844,44.82757939238946,1744455000000.0,-0.7,45.52757939238946
South Korea,KOR,CSKR.L,Close,2021,229.1000061035156,205.22000122070312,-10.423397750597452,1942314000000.0,4.613,-15.036397750597452
South Korea,KOR,CSKR.L,Close,2022,203.0,146.68499755859375,-27.741380513008007,1799363000000.0,2.728,-30.46938051300801
South Korea,KOR,CSKR.L,Close,2023,142.77999877929688,175.64999389648438,23.02142835005658,1844801000000.0,1.583,21.438428350056583
South Korea,KOR,CSKR.L,Close,2024,173.49000549316406,135.83999633789062,-21.70154358359101,1875388000000.0,2.004,-23.705543583591012
South Korea,KOR,CSKR.L,Close,2025,135.97000122070312,270.92498779296875,99.25350103748991,1858572000000.0,0.896,98.35750103748991
South Korea,KOR,CSKR.L,Close,2026,280.7250061035156,419.6000061035156,49.47012092994334,1936617000000.0,1.83,47.64012092994334
South Korea,KOR,FLRK.L,Close,2019,25.559999465942383,21.9424991607666,-14.152974885605719,1751046000000.0,2.314,-16.46697488560572
South Korea,KOR,FLRK.L,Close,2020,21.9424991607666,31.290000915527344,42.599986839576445,1744455000000.0,-0.7,43.29998683957645
South Korea,KOR,FLRK.L,Close,2021,32.23249816894531,29.4424991607666,-8.655857183501714,1942314000000.0,4.613,-13.268857183501716
South Korea,KOR,FLRK.L,Close,2022,29.024999618530277,23.739999771118164,-18.208440712736607,1799363000000.0,2.728,-20.93644071273661
South Korea,KOR,FLRK.L,Close,2023,23.19499969482422,27.102500915527344,16.846308566992786,1844801000000.0,1.583,15.263308566992785
South Korea,KOR,FLRK.L,Close,2024,27.112499237060547,21.530000686645508,-20.590128935012476,1875388000000.0,2.004,-22.594128935012478
South Korea,KOR,FLRK.L,Close,2025,21.915000915527344,39.20500183105469,78.89573439751459,1858572000000.0,0.896,77.99973439751459
South Korea,KOR,FLRK.L,Close,2026,40.400001525878906,60.290000915527344,49.232669897073045,1936617000000.0,1.83,47.40266989707305
Spain,ESP,CS1.L,Close,2024,22180.0,23502.5,5.962578899909832,1725152000000.0,3.455,2.5075788999098316
Spain,ESP,CS1.L,Close,2025,23595.0,38222.5,61.994066539521086,1891371000000.0,2.908,59.086066539521084
Spain,ESP,CS1.L,Close,2026,38520.0,41000.0,6.438213914849422,2041830000000.0,1.958,4.480213914849422
Sweden,SWE,OMXS.L,Close,2016,4008.0,355.1499938964844,-91.13897220817155,513058000000.0,2.131,-93.26997220817155
Sweden,SWE,OMXS.L,Close,2017,355.8999938964844,393.6499938964844,10.60691223585124,535172000000.0,1.883,8.723912235851241
Sweden,SWE,OMXS.L,Close,2018,392.2300109863281,365.4500122070313,-6.827626145167731,549649000000.0,1.77,-8.59762614516773
Sweden,SWE,OMXS.L,Close,2019,365.6499938964844,442.1000061035156,20.907975791919277,530894000000.0,2.608,18.299975791919277
Sweden,SWE,OMXS.L,Close,2020,450.9500122070313,548.375,21.604387438898854,544266000000.0,-1.934,23.538387438898855
Sweden,SWE,OMXS.L,Close,2021,553.25,682.25,23.316764572977867,631693000000.0,5.226,18.090764572977868
Sweden,SWE,OMXS.L,Close,2022,683.625,537.875,-21.32016822088133,575071000000.0,1.255,-22.57516822088133
Sweden,SWE,OMXS.L,Close,2023,539.5,618.375,14.62001853568118,578991000000.0,-0.204,14.82401853568118
Sweden,SWE,OMXS.L,Close,2024,610.625,616.25,0.9211873080859689,603715000000.0,0.82,0.10118730808596899
Sweden,SWE,OMXS.L,Close,2025,622.0,777.0,24.919614147909975,662318000000.0,0.75,24.169614147909975
Sweden,SWE,OMXS.L,Close,2026,778.0,860.5,10.604113110539837,711503000000.0,1.932,8.672113110539836
Taiwan,TWN,FRXT.L,Close,2022,25.59000015258789,16.350000381469727,-36.107853520992386,765624000000.0,2.684,-38.79185352099238
Taiwan,TWN,FRXT.L,Close,2023,16.486000061035156,20.04750061035156,21.603181706483475,757335000000.0,1.122,20.481181706483476
Taiwan,TWN,FRXT.L,Close,2024,19.85300064086914,25.1924991607666,26.895171246333582,797004000000.0,4.837,22.058171246333583
Taiwan,TWN,FRXT.L,Close,2025,25.290000915527344,31.57749938964844,24.861598444074207,884387000000.0,3.674,21.187598444074208
Taiwan,TWN,FRXT.L,Close,2026,31.927499771118164,38.1875,19.60692278994134,971448000000.0,2.113,17.49392278994134
Taiwan,TWN,XMTW.L,Close,2015,1372.25,1269.5,-7.487702678083441,534515000000.0,1.465,-8.95270267808344
Taiwan,TWN,XMTW.L,Close,2016,1229.25,1802.5,46.63412649989831,543081000000.0,2.165,44.46912649989831
Taiwan,TWN,XMTW.L,Close,2017,1826.25,2094.0,14.661190965092397,591687000000.0,3.662,10.999190965092396
Taiwan,TWN,XMTW.L,Close,2018,2094.0,2027.0,-3.1996179560649485,610690000000.0,2.905,-6.104617956064948
Taiwan,TWN,XMTW.L,Close,2019,2002.75,2632.5,31.444264136811896,613512000000.0,3.055,28.389264136811896
Taiwan,TWN,XMTW.L,Close,2020,2678.5,3485.5,30.128803434758254,676861000000.0,3.42,26.708803434758252
Taiwan,TWN,XMTW.L,Close,2021,3556.0,4495.0,26.406074240719903,776965000000.0,6.72,19.686074240719904
Taiwan,TWN,XMTW.L,Close,2022,4579.0,3546.0,-22.559510810220573,765624000000.0,2.684,-25.243510810220574
Taiwan,TWN,XMTW.L,Close,2023,3576.5,4314.0,20.620718579616938,757335000000.0,1.122,19.498718579616938
Taiwan,TWN,XMTW.L,Close,2024,4255.0,5435.0,27.732079905992958,797004000000.0,4.837,22.895079905992958
Taiwan,TWN,XMTW.L,Close,2025,5443.0,6738.5,23.801212566599304,884387000000.0,3.674,20.127212566599304
Taiwan,TWN,XMTW.L,Close,2026,6806.0,8105.5,19.093446958565963,971448000000.0,2.113,16.980446958565963
Thailand,THA,XCX4.L,Close,2015,1314.25,1040.5,-20.829370363325094,401296000000.0,3.134,-23.963370363325094
Thailand,THA,XCX4.L,Close,2016,1015.75,1592.0,56.731479202559676,413366000000.0,3.435,53.296479202559674
Thailand,THA,XCX4.L,Close,2017,1601.0,1938.5,21.08057464084947,456357000000.0,4.178,16.90257464084947
Thailand,THA,XCX4.L,Close,2018,1929.4000244140625,1952.0,1.1713473255915874,506754000000.0,4.223,-3.0516526744084125
Thailand,THA,XCX4.L,Close,2019,2001.75,2023.75,1.0990383414512195,543977000000.0,2.115,-1.0159616585487807
Thailand,THA,XCX4.L,Close,2020,2060.25,1744.25,-15.337944424220362,500462000000.0,-6.05,-9.287944424220363
Thailand,THA,XCX4.L,Close,2021,1767.5,1746.5,-1.1881188118811892,506195000000.0,1.542,-2.730118811881189
Thailand,THA,XCX4.L,Close,2022,1731.75,2019.0,16.587267215244704,495645000000.0,2.627,13.960267215244706
Thailand,THA,XCX4.L,Close,2023,2057.5,1693.0,-17.715674362089917,515906000000.0,2.009,-19.724674362089917
Thailand,THA,XCX4.L,Close,2024,1718.0,1718.5,0.029103608847491635,526518000000.0,2.54,-2.5108963911525084
Thailand,THA,XCX4.L,Close,2025,1714.25,1724.0,0.5687618492052016,558573000000.0,2.0,-1.4312381507947984
Thailand,THA,XCX4.L,Close,2026,1734.0,2165.5,24.884659746251447,561509000000.0,1.6,23.284659746251446
Turkey,TUR,TURL.L,Close,2015,52.17150115966797,38.85599899291992,-25.52255900399856,868204000000.0,5.806,-31.32855900399856
Turkey,TUR,TURL.L,Close,2016,37.5806999206543,37.46200180053711,-0.3158486147618267,870339000000.0,3.324,-3.6398486147618265
Turkey,TUR,TURL.L,Close,2017,36.42549896240234,45.05950164794922,23.70318302148373,863906000000.0,7.826,15.87718302148373
Turkey,TUR,TURL.L,Close,2018,46.16669845581055,27.08209991455078,-41.33845213022327,807318000000.0,3.468,-44.80645213022326
Turkey,TUR,TURL.L,Close,2019,26.172100067138672,25.940000534057617,-0.8868204404142377,775223000000.0,1.302,-2.1888204404142377
Turkey,TUR,TURL.L,Close,2020,26.38500022888184,22.61000061035156,-14.3073700427641,730345000000.0,1.803,-16.1103700427641
Turkey,TUR,TURL.L,Close,2021,22.84499931335449,16.812000274658203,-26.40840105068236,827673000000.0,11.811,-38.219401050682364
Turkey,TUR,TURL.L,Close,2022,17.23900032043457,36.14250183105469,109.65543917423388,924752000000.0,5.441,104.21443917423387
Turkey,TUR,TURL.L,Close,2023,36.39250183105469,29.174999237060547,-19.832389175935283,1153295000000.0,5.045,-24.877389175935285
Turkey,TUR,TURL.L,Close,2024,29.174999237060547,29.174999237060547,0.0,1358251000000.0,3.328,-3.328
Turkey,TUR,TURL.L,Close,2025,29.174999237060547,29.174999237060547,0.0,1565471000000.0,3.494,-3.494
Turkey,TUR,TURL.L,Close,2026,29.174999237060547,29.174999237060547,0.0,1576110000000.0,3.693,-3.693
United Kingdom,GBR,CSUK.L,Close,2015,8358.0,8188.0,-2.0339794209140893,2928558000000.0,2.223,-4.256979420914089
United Kingdom,GBR,CSUK.L,Close,2016,7962.0,9669.0,21.43933685003767,2699086000000.0,1.922,19.51733685003767
United Kingdom,GBR,CSUK.L,Close,2017,9765.5,10819.0,10.787978086119509,2682384000000.0,2.657,8.130978086119509
United Kingdom,GBR,CSUK.L,Close,2018,10745.0,9803.5,-8.762214983713356,2875024000000.0,1.405,-10.167214983713356
United Kingdom,GBR,CSUK.L,Close,2019,9814.5,11392.0,16.073157063528456,2853074000000.0,1.624,14.449157063528455
United Kingdom,GBR,CSUK.L,Close,2020,11482.0,9901.0,-13.769378157115487,2698705000000.0,-10.297,-3.472378157115486
United Kingdom,GBR,CSUK.L,Close,2021,10060.0,11701.0,16.31212723658051,3144079000000.0,8.576,7.736127236580508
United Kingdom,GBR,CSUK.L,Close,2022,11905.0,12547.0,5.392692146157074,3125404000000.0,4.839,0.5536921461570739
United Kingdom,GBR,CSUK.L,Close,2023,12693.0,13408.0,5.633026077365466,3371118000000.0,0.397,5.236026077365466
United Kingdom,GBR,CSUK.L,Close,2024,13402.0,14603.0,8.96134905238024,3644636000000.0,1.101,7.860349052380241
United Kingdom,GBR,CSUK.L,Close,2025,14776.0,18292.0,23.795343800757983,3958780000000.0,1.308,22.487343800757984
United Kingdom,GBR,CSUK.L,Close,2026,18426.0,20130.0,9.247802018886354,4225639000000.0,1.264,7.983802018886354
United Kingdom,GBR,CUKX.L,Close,2015,8752.5,8650.5,-1.16538131962296,2928558000000.0,2.223,-3.38838131962296
United Kingdom,GBR,CUKX.L,Close,2016,8413.0,10273.0,22.108641388327598,2699086000000.0,1.922,20.186641388327597
United Kingdom,GBR,CUKX.L,Close,2017,10361.5,11552.5,11.49447473821359,2682384000000.0,2.657,8.83747473821359
United Kingdom,GBR,CUKX.L,Close,2018,11468.0,10507.0,-8.379839553540291,2875024000000.0,1.405,-9.78483955354029
United Kingdom,GBR,CUKX.L,Close,2019,10506.0,12317.0,17.237768893965356,2853074000000.0,1.624,15.613768893965355
United Kingdom,GBR,CUKX.L,Close,2020,12437.0,10928.0,-12.13315108145051,2698705000000.0,-10.297,-1.8361510814505095
United Kingdom,GBR,CUKX.L,Close,2021,11100.0,12838.0,15.657657657657653,3144079000000.0,8.576,7.081657657657653
United Kingdom,GBR,CUKX.L,Close,2022,13040.0,13476.0,3.3435582822085808,3125404000000.0,4.839,-1.4954417177914197
United Kingdom,GBR,CUKX.L,Close,2023,13620.0,14516.0,6.578560939794409,3371118000000.0,0.397,6.181560939794409
United Kingdom,GBR,CUKX.L,Close,2024,14504.0,15866.0,9.390512961941532,3644636000000.0,1.101,8.289512961941533
United Kingdom,GBR,CUKX.L,Close,2025,16034.0,19956.0,24.460521392041912,3958780000000.0,1.308,23.152521392041912
United Kingdom,GBR,CUKX.L,Close,2026,20055.0,21915.0,9.274495138369488,4225639000000.0,1.264,8.010495138369489
United States,USA,SPXL.L,Close,2023,10.065199851989746,9.038999557495115,-10.195528251649822,27811500000000.0,2.935,-13.130528251649823
United States,USA,SPXL.L,Close,2024,9.03600025177002,11.508999824523926,27.3682990687111,29298025000000.0,2.793,24.5752990687111
United States,USA,SPXL.L,Close,2025,11.607000350952148,12.586000442504885,8.434565882238697,30615743000000.0,2.017,6.417565882238698
United States,USA,SPXL.L,Close,2026,12.484000205993652,12.579999923706056,0.7689820260201152,31821293000000.0,2.102,-1.3330179739798846
Vietnam,VNM,XFVT.L,Close,2015,1755.5,1518.75,-13.48618627171746,236795000000.0,6.987,-20.47318627171746
Vietnam,VNM,XFVT.L,Close,2016,1520.0,1775.25,16.79276315789473,252146000000.0,6.69,10.102763157894728
Vietnam,VNM,XFVT.L,Close,2017,1818.0,2426.0,33.443344334433434,277071000000.0,6.94,26.503344334433432
Vietnam,VNM,XFVT.L,Close,2018,2453.5,2275.75,-7.244752394538412,304470000000.0,7.465,-14.709752394538413
Vietnam,VNM,XFVT.L,Close,2019,2316.0,2288.25,-1.1981865284974136,331818000000.0,7.359,-8.557186528497414
Vietnam,VNM,XFVT.L,Close,2020,2317.25,2601.0,12.245118135721222,346310000000.0,2.865,9.380118135721222
Vietnam,VNM,XFVT.L,Close,2021,2645.0,3476.5,31.4366729678639,370076000000.0,2.554,28.8826729678639
Vietnam,VNM,XFVT.L,Close,2022,3578.0,2157.5,-39.70095025153717,411068000000.0,8.538,-48.238950251537176
Vietnam,VNM,XFVT.L,Close,2023,2281.25,2156.0,-5.490410958904112,433008000000.0,5.065,-10.555410958904112
Vietnam,VNM,XFVT.L,Close,2024,2153.75,1962.5,-8.879860708067323,459472000000.0,7.091,-15.970860708067324
Vietnam,VNM,XFVT.L,Close,2025,1991.75,3088.5,55.064641646793014,484726000000.0,6.457,48.60764164679301
Vietnam,VNM,XFVT.L,Close,2026,3109.5,3090.0,-0.6271104679208883,511059000000.0,5.595,-6.2221104679208885
