country_name,country_code,ticker,etf_currency,etf_price_field,year,etf_price_start,etf_price_end,etf_return_pct,gdp_current_usd,gdp_real_growth_pct,gdp_nominal_growth_pct,gdp_real_minus_etf_growth_pct,gdp_nominal_minus_etf_growth_pct,gdp_minus_etf_growth_pct
Australia,AUS,SAUS.L,GBp,Close,2010,24.2668701171875,18.17,-25.124254128138546,,,,,,
Australia,AUS,SAUS.L,GBp,Close,2011,17.62,15.995,-9.222474460839969,,,,,,
Australia,AUS,SAUS.L,GBp,Close,2012,16.37,18.575,13.469761759315801,,,,,,
Australia,AUS,SAUS.L,GBp,Close,2013,19.035,18.88,-0.8142894667717449,,,,,,
Australia,AUS,SAUS.L,GBp,Close,2014,18.905,19.35,2.3538746363396035,,,,,,
Australia,AUS,SAUS.L,GBp,Close,2015,19.345,18.2925,-5.440682346859649,1233914000000.0,2.34,,7.780682346859649,,7.780682346859649
Australia,AUS,SAUS.L,GBp,Close,2016,17.8525,24.3075,36.157400924240314,1262645000000.0,2.694,2.328444,-33.46340092424031,-33.828956924240316,-33.46340092424031
Australia,AUS,SAUS.L,GBp,Close,2017,24.68,26.555,7.597244732576991,1381106000000.0,2.38,9.381972,-5.217244732576991,1.7847272674230084,-5.217244732576991
Australia,AUS,SAUS.L,GBp,Close,2018,26.4225,24.595,-6.916453779922415,1417158000000.0,2.791,2.610372,9.707453779922416,9.526825779922415,9.707453779922416
Australia,AUS,SAUS.L,GBp,Close,2019,24.7025,29.015,17.4577471915798,1386289000000.0,1.936,-2.178233,-15.521747191579799,-19.635980191579797,-15.521747191579799
Australia,AUS,SAUS.L,GBp,Close,2020,29.3,30.675,4.692832764505117,1362665000000.0,-1.953,-1.704118,-6.645832764505117,-6.396950764505117,-6.645832764505117
Australia,AUS,SAUS.L,GBp,Close,2021,30.91,45.37,46.78097703008734,1655838000000.0,5.418,21.514679,-41.36297703008734,-25.26629803008734,-41.36297703008734
Australia,AUS,SAUS.L,GBp,Close,2022,46.255,42.875,-7.30731812776998,1725433000000.0,4.132,4.203008,11.43931812776998,11.510326127769979,11.43931812776998
Australia,AUS,SAUS.L,GBp,Close,2023,42.315,48.805,15.337350821221785,1742311000000.0,2.066,0.978189,-13.271350821221784,-14.359161821221784,-13.271350821221784
Australia,AUS,SAUS.L,GBp,Close,2024,48.59,39.545,-18.61494134595596,1795492000000.0,1.023,3.052325,19.63794134595596,21.66726634595596,19.63794134595596
Australia,AUS,SAUS.L,GBp,Close,2025,40.31,42.01,4.217315802530375,1829508000000.0,1.809,1.894523,-2.4083158025303746,-2.322792802530375,-2.4083158025303746
Australia,AUS,SAUS.L,GBp,Close,2026,41.82,46.87,12.075561932089895,1948227000000.0,2.149,6.489122,-9.926561932089896,-5.586439932089895,-9.926561932089896
Brazil,BRA,XMBR.L,GBp,Close,2009,22.105,42.055,90.25107441755257,,,,,,
Brazil,BRA,XMBR.L,GBp,Close,2010,43.51,46.405,6.65364284072627,,,,,,
Brazil,BRA,XMBR.L,GBp,Close,2011,46.52,35.83530029296875,-22.9679701354928,,,,,,
Brazil,BRA,XMBR.L,GBp,Close,2012,36.88,33.595,-8.907266811279834,,,,,,
Brazil,BRA,XMBR.L,GBp,Close,2013,34.625,27.515,-20.53429602888086,,,,,,
Brazil,BRA,XMBR.L,GBp,Close,2014,27.065,24.84,-8.22094956585997,,,,,,
Brazil,BRA,XMBR.L,GBp,Close,2015,24.3375,15.1175,-37.88392398561889,1800046000000.0,-3.546,,34.33792398561889,,34.33792398561889
Brazil,BRA,XMBR.L,GBp,Close,2016,14.7325,30.245,105.29441710503988,1796622000000.0,-3.276,-0.190217,-108.57041710503988,-105.48463410503989,-108.57041710503988
Brazil,BRA,XMBR.L,GBp,Close,2017,30.945,34.14,10.3247697527872,2063519000000.0,1.323,14.85549,-9.0017697527872,4.5307202472128,-9.0017697527872
Brazil,BRA,XMBR.L,GBp,Close,2018,34.8925,35.745,2.4432184566884008,1916934000000.0,1.784,-7.103642,-0.6592184566884007,-9.5468604566884,-0.6592184566884007
Brazil,BRA,XMBR.L,GBp,Close,2019,37.855,43.035,13.683793422269176,1873286000000.0,1.221,-2.276969,-12.462793422269176,-15.960762422269175,-12.462793422269176
Brazil,BRA,XMBR.L,GBp,Close,2020,43.835,33.585,-23.383141325424884,1476092000000.0,-3.277,-21.203062,20.106141325424883,2.1800793254248845,20.106141325424883
Brazil,BRA,XMBR.L,GBp,Close,2021,33.45,27.835,-16.786248131539615,1670650000000.0,4.763,13.180615,21.549248131539613,29.966863131539615,21.549248131539613
Brazil,BRA,XMBR.L,GBp,Close,2022,27.01,35.03,29.692706405035164,1951849000000.0,3.017,16.831712,-26.675706405035164,-12.860994405035164,-26.675706405035164
Brazil,BRA,XMBR.L,GBp,Close,2023,33.28,43.935,32.01622596153846,2191137000000.0,3.242,12.259555,-28.77422596153846,-19.75667096153846,-28.77422596153846
Brazil,BRA,XMBR.L,GBp,Close,2024,43.615,31.365,-28.086667430929737,2179413000000.0,3.396,-0.535065,31.482667430929737,27.551602430929737,31.482667430929737
Brazil,BRA,XMBR.L,GBp,Close,2025,31.895,43.365,35.96174949051576,2256910000000.0,2.4,3.555866,-33.56174949051576,-32.405883490515755,-33.56174949051576
Brazil,BRA,XMBR.L,GBp,Close,2026,43.5,51.145,17.574712643678158,2292690000000.0,1.942,1.585353,-15.632712643678158,-15.989359643678158,-15.632712643678158
Bulgaria,BGR,BGX.L,EUR,Close,2018,0.5746999979019165,0.5325000286102295,-7.342956228597242,66318000000.0,2.549,11.857374,9.891956228597241,19.20033022859724,9.891956228597241
Bulgaria,BGR,BGX.L,EUR,Close,2019,0.531499981880188,0.4772500097751617,-10.206956529540479,68639000000.0,3.789,3.499804,13.995956529540479,13.706760529540478,13.995956529540479
Bulgaria,BGR,BGX.L,EUR,Close,2020,0.4772500097751617,0.3878999948501587,-18.721846641154993,70658000000.0,-3.216,2.941476,15.505846641154992,21.663322641154995,15.505846641154992
Bulgaria,BGR,BGX.L,EUR,Close,2021,0.3851499855518341,0.5176500082015991,34.4021881397508,84477000000.0,7.781,19.557587,-26.6211881397508,-14.844601139750797,-26.6211881397508
Bulgaria,BGR,BGX.L,EUR,Close,2022,0.5148500204086304,0.4670499861240387,-9.284263841856966,90719000000.0,4.039,7.388993,13.323263841856965,16.673256841856965,13.323263841856965
Bulgaria,BGR,BGX.L,EUR,Close,2023,0.4622499942779541,0.5524500012397766,19.513252153246018,102434000000.0,1.887,12.913502,-17.626252153246018,-6.599750153246019,-17.626252153246018
Bulgaria,BGR,BGX.L,EUR,Close,2024,0.5637000203132629,0.6333000063896179,12.346990166449956,112232000000.0,2.811,9.565183,-9.535990166449956,-2.7818071664499566,-9.535990166449956
Bulgaria,BGR,BGX.L,EUR,Close,2025,0.6273000240325928,0.8014500141143799,27.761833797210045,127924000000.0,3.05,13.981752,-24.711833797210044,-13.780081797210045,-24.711833797210044
Bulgaria,BGR,BGX.L,EUR,Close,2026,0.8021000027656555,0.8798999786376953,9.699535669340985,142203000000.0,3.089,11.162096,-6.610535669340985,1.4625603306590147,-6.610535669340985
Canada,CAN,CSCA.L,GBp,Close,2010,101.719638671875,73.82000000000001,-27.4279765796977,,,,,,
Canada,CAN,CSCA.L,GBp,Close,2011,76.24,66.8,-12.381951731374608,,,,,,
Canada,CAN,CSCA.L,GBp,Close,2012,68.315,69.11,1.1637268535460654,,,,,,
Canada,CAN,CSCA.L,GBp,Close,2013,71.345,72.34,1.394631719111361,,,,,,
Canada,CAN,CSCA.L,GBp,Close,2014,72.845,78.355,7.564005765666826,,,,,,
Canada,CAN,CSCA.L,GBp,Close,2015,78.595,62.73,-20.185762453082255,1556508000000.0,0.65,,20.835762453082253,,20.835762453082253
Canada,CAN,CSCA.L,GBp,Close,2016,61.36,93.62,52.57496740547589,1527996000000.0,1.039,-1.831793,-51.53596740547589,-54.406760405475886,-51.53596740547589
Canada,CAN,CSCA.L,GBp,Close,2017,94.025,98.44,4.695559691571383,1649266000000.0,3.034,7.936539,-1.6615596915713828,3.240979308428617,-1.6615596915713828
Canada,CAN,CSCA.L,GBp,Close,2018,97.97,86.32000000000001,-11.891395325099507,1725300000000.0,2.743,4.610172,14.634395325099508,16.501567325099508,14.634395325099508
Canada,CAN,CSCA.L,GBp,Close,2019,87.565,105.145,20.07651458916233,1743725000000.0,1.908,1.06793,-18.168514589162328,-19.00858458916233,-18.168514589162328
Canada,CAN,CSCA.L,GBp,Close,2020,105.855,107.635,1.6815455103679655,1655685000000.0,-5.038,-5.048961,-6.719545510367966,-6.730506510367966,-6.719545510367966
Canada,CAN,CSCA.L,GBp,Close,2021,107.925,135.46,25.513087792448474,2022382000000.0,5.951,22.147752,-19.562087792448473,-3.365335792448473,-19.562087792448473
Canada,CAN,CSCA.L,GBp,Close,2022,135.54,132.975,-1.8924302788844605,2190411000000.0,4.189,8.30847,6.0814302788844605,10.200900278884461,6.0814302788844605
Canada,CAN,CSCA.L,GBp,Close,2023,132.92000000000002,143.29,7.801685224194976,2173340000000.0,1.529,-0.779351,-6.272685224194976,-8.581036224194976,-6.272685224194976
Canada,CAN,CSCA.L,GBp,Close,2024,143.65,163.36,13.720849286460158,2243637000000.0,1.555,3.234515,-12.165849286460158,-10.486334286460158,-12.165849286460158
Canada,CAN,CSCA.L,GBp,Close,2025,166.555,208.07,24.92570021914682,2283599000000.0,1.153,1.781126,-23.77270021914682,-23.14457421914682,-23.77270021914682
Canada,CAN,CSCA.L,GBp,Close,2026,206.72,221.85,7.319078947368429,2420837000000.0,1.541,6.009724,-5.77807894736843,-1.309354947368429,-5.77807894736843
China,CHN,FRCH.L,GBP,Close,2019,24.93000030517578,22.21999931335449,-10.870441069584192,14572410000000.0,6.065,3.270131,16.935441069584193,14.140572069584191,16.935441069584193
China,CHN,FRCH.L,GBP,Close,2020,22.89249992370605,28.174999237060547,23.07524006097852,15103357000000.0,2.337,3.643509,-20.73824006097852,-19.43173106097852,-20.73824006097852
China,CHN,FRCH.L,GBP,Close,2021,28.26749992370605,22.725000381469727,-19.607321330841152,18190803000000.0,8.556,20.442118,28.16332133084115,40.04943933084115,28.16332133084115
China,CHN,FRCH.L,GBP,Close,2022,22.127500534057617,19.58099937438965,-11.50830910951064,18307816000000.0,3.112,0.643254,14.62030910951064,12.15156310951064,14.62030910951064
China,CHN,FRCH.L,GBP,Close,2023,20.26499938964844,16.16200065612793,-20.24672517688978,18270351000000.0,5.377,-0.204639,25.623725176889778,20.04208617688978,25.623725176889778
China,CHN,FRCH.L,GBP,Close,2024,16.052000045776367,19.575000762939453,21.9474252872935,18749759000000.0,5.003,2.623967,-16.944425287293498,-19.323458287293498,-16.944425287293498
China,CHN,FRCH.L,GBP,Close,2025,19.55900001525879,24.1200008392334,23.319192292123226,19398577000000.0,4.796,3.460407,-18.523192292123227,-19.858785292123226,-18.523192292123227
China,CHN,FRCH.L,GBP,Close,2026,24.729999542236328,23.25,-5.984632307447635,20650754000000.0,4.163,6.454994,10.147632307447635,12.439626307447636,10.147632307447635
China,CHN,IASH.L,GBp,Close,2015,5.16,2.8110000610351564,-45.523254631101615,11307226000000.0,7.018,,52.541254631101616,,52.541254631101616
China,CHN,IASH.L,GBp,Close,2016,2.5860000610351563,2.7720001220703128,7.19257759648706,11448003000000.0,6.776,1.245018,-0.41657759648705994,-5.94755959648706,-0.41657759648705994
China,CHN,IASH.L,GBp,Close,2017,2.8220001220703126,3.3000000000000003,16.938336543338316,12503299000000.0,6.891,9.218167,-10.047336543338316,-7.720169543338317,-10.047336543338316
China,CHN,IASH.L,GBp,Close,2018,3.34875,2.566499938964844,-23.359464308627274,14110963000000.0,6.759,12.857919,30.118464308627274,36.21738330862728,30.118464308627274
China,CHN,IASH.L,GBp,Close,2019,2.5685000610351563,3.341499938964844,30.095380944556148,14572410000000.0,6.065,3.270131,-24.030380944556146,-26.82524994455615,-24.030380944556146
China,CHN,IASH.L,GBp,Close,2020,3.417000122070313,4.599500122070313,34.606378629086485,15103357000000.0,2.337,3.643509,-32.26937862908648,-30.962869629086484,-32.26937862908648
China,CHN,IASH.L,GBp,Close,2021,4.731000061035156,4.805499877929687,1.574716041712132,18190803000000.0,8.556,20.442118,6.981283958287867,18.867401958287868,6.981283958287867
China,CHN,IASH.L,GBp,Close,2022,4.741499938964844,3.975499877929688,-16.155226634936692,18307816000000.0,3.112,0.643254,19.26722663493669,16.79848063493669,19.26722663493669
China,CHN,IASH.L,GBp,Close,2023,4.021000061035156,3.2270001220703124,-19.746329940627717,18270351000000.0,5.377,-0.204639,25.123329940627716,19.541690940627717,25.123329940627716
China,CHN,IASH.L,GBp,Close,2024,3.2035000610351565,3.643999938964844,13.75058122481656,18749759000000.0,5.003,2.623967,-8.74758122481656,-11.12661422481656,-8.74758122481656
China,CHN,IASH.L,GBp,Close,2025,3.5885000610351563,4.287999877929687,19.492818865739416,19398577000000.0,4.796,3.460407,-14.696818865739417,-16.032411865739416,-14.696818865739417
China,CHN,IASH.L,GBp,Close,2026,4.327000122070313,4.412000122070313,1.9644094661899425,20650754000000.0,4.163,6.454994,2.1985905338100578,4.490584533810058,2.1985905338100578
France,FRA,ISFR.L,GBp,Close,2014,24.96,18.7725,-24.78966346153846,,,,,,
France,FRA,ISFR.L,GBp,Close,2015,18.8,19.9,5.8510638297872175,2442731000000.0,0.998,,-4.853063829787217,,-4.853063829787217
France,FRA,ISFR.L,GBp,Close,2016,19.365,25.055,29.382907306997176,2469726000000.0,0.735,1.105116,-28.647907306997176,-28.277791306997177,-28.647907306997176
France,FRA,ISFR.L,GBp,Close,2017,25.17,29.865,18.65315852205005,2587955000000.0,2.268,4.78713,-16.385158522050048,-13.866028522050048,-16.385158522050048
France,FRA,ISFR.L,GBp,Close,2018,29.865,27.5875,-7.625983592834418,2782838000000.0,1.593,7.530386,9.218983592834418,15.156369592834418,9.218983592834418
France,FRA,ISFR.L,GBp,Close,2019,27.56,33.955,23.203918722786643,2723094000000.0,2.091,-2.146873,-21.11291872278664,-25.350791722786642,-21.11291872278664
France,FRA,ISFR.L,GBp,Close,2020,34.32,34.495,0.509906759906742,2645806000000.0,-7.603,-2.838242,-8.112906759906743,-3.348148759906742,-8.112906759906743
France,FRA,ISFR.L,GBp,Close,2021,34.74,41.3725,19.091824985607374,2968405000000.0,6.794,12.192844,-12.297824985607374,-6.898980985607375,-12.297824985607374
France,FRA,ISFR.L,GBp,Close,2022,41.995,40.8825,-2.64912489582092,2796987000000.0,2.801,-5.774751,5.45012489582092,-3.12562610417908,5.45012489582092
France,FRA,ISFR.L,GBp,Close,2023,41.2975,47.0625,13.959682789515115,3061093000000.0,1.619,9.442518,-12.340682789515116,-4.517164789515116,-12.340682789515116
France,FRA,ISFR.L,GBp,Close,2024,46.84,45.31,-3.266438941076011,3160902000000.0,1.102,3.260567,4.368438941076011,6.527005941076011,4.368438941076011
France,FRA,ISFR.L,GBp,Close,2025,45.4425,54.24,19.359630302030027,3361557000000.0,0.671,6.34803,-18.688630302030028,-13.011600302030027,-18.688630302030028
France,FRA,ISFR.L,GBp,Close,2026,54.5,54.76,0.4770642201834763,3558562000000.0,0.911,5.860528,0.43393577981652376,5.383463779816524,0.43393577981652376
Germany,DEU,XDAX.L,GBp,Close,2009,49.6477001953125,59.396298828125,19.635549269073515,,,,,,
Germany,DEU,XDAX.L,GBp,Close,2010,60.3010009765625,68.8339990234375,14.150673966741545,,,,,,
Germany,DEU,XDAX.L,GBp,Close,2011,69.4418994140625,58.5997314453125,-15.613294077832185,,,,,,
Germany,DEU,XDAX.L,GBp,Close,2012,61.26508789062501,75.46576171875,23.179063830736823,,,,,,
Germany,DEU,XDAX.L,GBp,Close,2013,77.11528808593751,94.359404296875,22.36147544663336,,,,,,
Germany,DEU,XDAX.L,GBp,Close,2014,92.855,96.591201171875,4.023694116498833,,,,,,
Germany,DEU,XDAX.L,GBp,Close,2015,96.18580078125,105.553701171875,9.739379736443542,3425446000000.0,1.663,,-8.076379736443542,,-8.076379736443542
Germany,DEU,XDAX.L,GBp,Close,2016,101.037001953125,112.258896484375,11.106717652267895,3535812000000.0,2.217,3.221945,-8.889717652267894,-7.884772652267895,-8.889717652267894
Germany,DEU,XDAX.L,GBp,Close,2017,113.267197265625,111.65,-1.4277719451576742,3764023000000.0,2.806,6.454274,4.233771945157674,7.8820459451576745,4.233771945157674
Germany,DEU,XDAX.L,GBp,Close,2018,111.02,92.515,-16.66816789767609,4057272000000.0,1.133,7.79084,17.801167897676088,24.459007897676088,17.801167897676088
Germany,DEU,XDAX.L,GBp,Close,2019,92.495,107.76,16.503594788907506,3960332000000.0,0.973,-2.38929,-15.530594788907505,-18.892884788907505,-15.530594788907505
Germany,DEU,XDAX.L,GBp,Close,2020,109.83,117.87,7.320404261130853,3938244000000.0,-4.127,-0.557731,-11.447404261130853,-7.878135261130852,-11.447404261130853
Germany,DEU,XDAX.L,GBp,Close,2021,119.08,127.14,6.768558951965065,4358147000000.0,3.913,10.662189,-2.855558951965065,3.893630048034935,-2.855558951965065
Germany,DEU,XDAX.L,GBp,Close,2022,128.69,117.5,-8.69531432123708,4204327000000.0,1.807,-3.529482,10.50231432123708,5.16583232123708,10.50231432123708
Germany,DEU,XDAX.L,GBp,Close,2023,118.92,137.71,15.80053817692566,4563523000000.0,-0.872,8.543484,-16.67253817692566,-7.25705417692566,-16.67253817692566
Germany,DEU,XDAX.L,GBp,Close,2024,137.68,155.81,13.168216153399182,4684182000000.0,-0.496,2.643988,-13.664216153399183,-10.524228153399182,-13.664216153399183
Germany,DEU,XDAX.L,GBp,Close,2025,156.01,200.7,28.645599641048648,5013574000000.0,0.191,7.032007,-28.45459964104865,-21.613592641048648,-28.45459964104865
Germany,DEU,XDAX.L,GBp,Close,2026,200.2,197.3,-1.4485514485514384,5328184000000.0,0.944,6.275164,2.3925514485514383,7.723715448551438,2.3925514485514383
Greece,GRC,0IWZ.L,USD,Close,2018,34.290000915527344,22.981199264526367,-32.979881449580475,213396000000.0,2.065,6.532874,35.04488144958047,39.512755449580474,35.04488144958047
Greece,GRC,0IWZ.L,USD,Close,2019,28.041000366210938,29.309999465942383,4.5255129387629545,207329000000.0,2.277,-2.843071,-2.2485129387629543,-7.368583938762955,-2.2485129387629543
Greece,GRC,0IWZ.L,USD,Close,2021,28.46500015258789,26.325000762939453,-7.51800238249386,218449000000.0,8.654,14.245594,16.172002382493858,21.76359638249386,16.172002382493858
Greece,GRC,0IWZ.L,USD,Close,2022,27.196399688720703,24.81999969482422,-8.737921273020788,219053000000.0,5.744,0.276495,14.481921273020788,9.014416273020789,14.481921273020788
Greece,GRC,0IWZ.L,USD,Close,2023,26.937000274658203,37.82749938964844,40.42951703585125,243569000000.0,2.332,11.191812,-38.09751703585125,-29.23770503585125,-38.09751703585125
Greece,GRC,0IWZ.L,USD,Close,2024,37.5,38.90999984741211,3.7599995930989616,257067000000.0,2.272,5.541756,-1.4879995930989618,1.7817564069010388,-1.4879995930989618
Greece,GRC,0IWZ.L,USD,Close,2025,38.82210159301758,62.09000015258789,59.934670213101505,282019000000.0,1.964,9.706419,-57.970670213101506,-50.2282512131015,-57.970670213101506
Greece,GRC,0IWZ.L,USD,Close,2026,71.77999877929688,71.77999877929688,0.0,304838000000.0,2.043,8.091299,2.043,8.091299,2.043
India,IND,FRIN.L,GBP,Close,2019,19.8799991607666,18.95800018310547,-4.637822015006455,2835606000000.0,3.871,4.908599,8.508822015006455,9.546421015006455,8.508822015006455
India,IND,FRIN.L,GBP,Close,2020,19.302000045776367,20.700000762939453,7.24277646797018,2674852000000.0,-5.778,-5.669123,-13.02077646797018,-12.91189946797018,-13.02077646797018
India,IND,FRIN.L,GBP,Close,2021,21.11750030517578,26.19499969482422,24.044036066162477,3167271000000.0,9.69,18.409205,-14.354036066162477,-5.6348310661624765,-14.354036066162477
India,IND,FRIN.L,GBP,Close,2022,26.61000061035156,27.024999618530277,1.5595603106348,3346107000000.0,7.609,5.646375,6.0494396893652,4.0868146893652,6.0494396893652
India,IND,FRIN.L,GBP,Close,2023,27.022499084472656,31.01499938964844,14.774726396308434,3638490000000.0,9.191,8.738005,-5.583726396308434,-6.036721396308435,-5.583726396308434
India,IND,FRIN.L,GBP,Close,2024,31.19499969482422,34.91749954223633,11.933001711263792,3909892000000.0,6.495,7.459193,-5.438001711263792,-4.473808711263792,-5.438001711263792
India,IND,FRIN.L,GBP,Close,2025,35.834999084472656,33.49250030517578,-6.536902020772983,4125213000000.0,6.646,5.507083,13.182902020772982,12.043985020772983,13.182902020772982
India,IND,FRIN.L,GBP,Close,2026,33.709999084472656,31.075000762939453,-7.81666684395409,4505629000000.0,6.159,9.22173,13.975666843954091,17.03839684395409,13.975666843954091
India,IND,IIND.L,GBP,Close,2018,5.140399932861328,4.01200008392334,-21.951596445334964,2702930000000.0,6.454,1.940656,28.405596445334965,23.892252445334965,28.405596445334965
India,IND,IIND.L,GBP,Close,2019,4.039000034332275,4.161250114440918,3.026741249554177,2835606000000.0,3.871,4.908599,0.8442587504458232,1.881857750445823,0.8442587504458232
India,IND,IIND.L,GBP,Close,2020,4.206999778747559,4.597499847412109,9.282150919931919,2674852000000.0,-5.778,-5.669123,-15.060150919931917,-14.951273919931918,-15.060150919931917
India,IND,IIND.L,GBP,Close,2021,4.662499904632568,5.83650016784668,25.179630825249944,3167271000000.0,9.69,18.409205,-15.489630825249945,-6.770425825249944,-15.489630825249945
India,IND,IIND.L,GBP,Close,2022,5.9079999923706055,5.994999885559082,1.4725777471365165,3346107000000.0,7.609,5.646375,6.1364222528634835,4.1737972528634835,6.1364222528634835
India,IND,IIND.L,GBP,Close,2023,5.999000072479248,6.74399995803833,12.41873439836767,3638490000000.0,9.191,8.738005,-3.2277343983676694,-3.6807293983676708,-3.2277343983676694
India,IND,IIND.L,GBP,Close,2024,6.777999877929688,7.488500118255615,10.482446933046363,3909892000000.0,6.495,7.459193,-3.987446933046363,-3.0232539330463633,-3.987446933046363
India,IND,IIND.L,GBP,Close,2025,7.709000110626221,7.269000053405762,-5.7076151369352734,4125213000000.0,6.646,5.507083,12.353615136935273,11.214698136935272,12.353615136935273
India,IND,IIND.L,GBP,Close,2026,7.328999996185303,6.710999965667725,-8.432255844443215,4505629000000.0,6.159,9.22173,14.591255844443214,17.653985844443216,14.591255844443214
India,IND,NDIA.L,USD,Close,2018,5.140399932861328,5.129000186920166,-0.2217676852006467,2702930000000.0,6.454,1.940656,6.675767685200647,2.162423685200647,6.675767685200647
India,IND,NDIA.L,USD,Close,2019,5.083499908447266,5.48199987411499,7.839086708854581,2835606000000.0,3.871,4.908599,-3.9680867088545813,-2.9304877088545815,-3.9680867088545813
India,IND,NDIA.L,USD,Close,2020,5.538000106811523,6.2820000648498535,13.434451854257624,2674852000000.0,-5.778,-5.669123,-19.212451854257623,-19.103574854257623,-19.212451854257623
India,IND,NDIA.L,USD,Close,2021,6.3379998207092285,7.8520002365112305,23.887668959141493,3167271000000.0,9.69,18.409205,-14.197668959141494,-5.478463959141493,-14.197668959141494
India,IND,NDIA.L,USD,Close,2022,7.993000030517578,7.23199987411499,-9.52083264727962,3346107000000.0,7.609,5.646375,17.12983264727962,15.167207647279621,17.12983264727962
India,IND,NDIA.L,USD,Close,2023,7.190999984741211,8.586999893188477,19.413154101091344,3638490000000.0,9.191,8.738005,-10.222154101091343,-10.675149101091344,-10.222154101091343
India,IND,NDIA.L,USD,Close,2024,8.557000160217285,9.38700008392334,9.69966002296976,3909892000000.0,6.495,7.459193,-3.204660022969759,-2.240467022969759,-3.204660022969759
India,IND,NDIA.L,USD,Close,2025,9.54300022125244,9.784000396728516,2.5254130764805316,4125213000000.0,6.646,5.507083,4.120586923519468,2.981669923519468,4.120586923519468
India,IND,NDIA.L,USD,Close,2026,9.887999534606934,8.96500015258789,-9.334541115102645,4505629000000.0,6.159,9.22173,15.493541115102644,18.556271115102646,15.493541115102644
Japan,JPN,CJPU.L,USD,Close,2010,108.51000213623048,108.51000213623048,0.0,,,,,,
Japan,JPN,CJPU.L,USD,Close,2011,108.51000213623048,108.51000213623048,0.0,,,,,,
Japan,JPN,CJPU.L,USD,Close,2012,108.51000213623048,108.51000213623048,0.0,,,,,,
Japan,JPN,CJPU.L,USD,Close,2013,108.51000213623048,108.51000213623048,0.0,,,,,,
Japan,JPN,CJPU.L,USD,Close,2014,108.51000213623048,112.79000091552734,3.9443357248518662,,,,,,
Japan,JPN,CJPU.L,USD,Close,2015,112.1750030517578,122.63999938964844,9.329169648484047,4444931000000.0,1.561,,-7.768169648484047,,-7.768169648484047
Japan,JPN,CJPU.L,USD,Close,2016,118.9000015258789,125.29499816894533,5.378466409585814,5003678000000.0,0.754,12.570431,-4.624466409585814,7.191964590414186,-4.624466409585814
Japan,JPN,CJPU.L,USD,Close,2017,125.48999786376952,155.49000549316406,23.906293840216808,4930837000000.0,1.675,-1.455749,-22.231293840216807,-25.36204284021681,-22.231293840216807
Japan,JPN,CJPU.L,USD,Close,2018,155.49000549316406,134.5,-13.499263458503686,5040881000000.0,0.643,2.231751,14.142263458503686,15.731014458503687,14.142263458503686
Japan,JPN,CJPU.L,USD,Close,2019,133.4600067138672,158.22500610351562,18.556120293582467,5117995000000.0,-0.402,1.529772,-18.958120293582468,-17.026348293582465,-18.958120293582468
Japan,JPN,CJPU.L,USD,Close,2020,160.38499450683594,183.6649932861328,14.51507284137148,5054069000000.0,-4.169,-1.249044,-18.684072841371478,-15.764116841371479,-18.684072841371478
Japan,JPN,CJPU.L,USD,Close,2021,182.2400054931641,184.5850067138672,1.2867653369287524,5039148000000.0,2.697,-0.295227,1.4102346630712477,-1.5819923369287525,1.4102346630712477
Japan,JPN,CJPU.L,USD,Close,2022,187.83999633789065,152.6199951171875,-18.750001015411357,4263231000000.0,0.96,-15.397782,19.710001015411358,3.3522190154113574,19.710001015411358
Japan,JPN,CJPU.L,USD,Close,2023,153.16000366210938,183.52999877929688,19.828933397120842,4204573000000.0,1.245,-1.375905,-18.58393339712084,-21.20483839712084,-18.58393339712084
Japan,JPN,CJPU.L,USD,Close,2024,182.17999267578125,196.97999572753903,8.123835572930771,4019382000000.0,0.104,-4.404514,-8.019835572930772,-12.528349572930772,-8.019835572930772
Japan,JPN,CJPU.L,USD,Close,2025,197.33999633789065,248.44500732421875,25.89693520558538,4279828000000.0,1.076,6.479752,-24.82093520558538,-19.417183205585378,-24.82093520558538
Japan,JPN,CJPU.L,USD,Close,2026,249.8800048828125,270.260009765625,8.155916633813987,4463634000000.0,0.633,4.294705,-7.5229166338139875,-3.861211633813987,-7.5229166338139875
Japan,JPN,LCJP.L,GBP,Close,2018,1500.0,9.267999649047852,-99.38213335673014,5040881000000.0,0.643,2.231751,100.02513335673014,101.61388435673014,100.02513335673014
Japan,JPN,LCJP.L,GBP,Close,2019,9.371000289916992,10.62399959564209,13.371030487250124,5117995000000.0,-0.402,1.529772,-13.773030487250123,-11.841258487250125,-13.773030487250123
Japan,JPN,LCJP.L,GBP,Close,2020,10.79599952697754,11.927000045776367,10.476107524575461,5054069000000.0,-4.169,-1.249044,-14.645107524575462,-11.72515152457546,-14.645107524575462
Japan,JPN,LCJP.L,GBP,Close,2021,11.904000282287598,12.194000244140623,2.436155535753204,5039148000000.0,2.697,-0.295227,0.2608444642467962,-2.731382535753204,0.2608444642467962
Japan,JPN,LCJP.L,GBP,Close,2022,12.36400032043457,11.324000358581545,-8.411516781782735,4263231000000.0,0.96,-15.397782,9.371516781782734,-6.986265218217264,9.371516781782734
Japan,JPN,LCJP.L,GBP,Close,2023,11.44499969482422,12.914999961853027,12.844039372876392,4204573000000.0,1.245,-1.375905,-11.59903937287639,-14.219944372876391,-11.59903937287639
Japan,JPN,LCJP.L,GBP,Close,2024,12.937999725341797,14.0649995803833,8.710773527333115,4019382000000.0,0.104,-4.404514,-8.606773527333116,-13.115287527333116,-8.606773527333116
Japan,JPN,LCJP.L,GBP,Close,2025,14.281999588012695,16.54199981689453,15.824116328771787,4279828000000.0,1.076,6.479752,-14.748116328771786,-9.344364328771785,-14.748116328771786
Japan,JPN,LCJP.L,GBP,Close,2026,16.562000274658203,18.131999969482425,9.479529457721991,4463634000000.0,0.633,4.294705,-8.846529457721992,-5.184824457721991,-8.846529457721992
Kuwait,KWT,MKUW.L,USD,Close,2019,42.54249954223633,46.94499969482422,10.348475524380207,140855000000.0,2.264,1.586672,-8.084475524380208,-8.761803524380207,-8.084475524380208
Kuwait,KWT,MKUW.L,USD,Close,2020,46.935001373291016,42.307498931884766,-9.85938490680346,111048000000.0,-4.817,-21.161478,5.042384906803459,-11.30209309319654,5.042384906803459
Kuwait,KWT,MKUW.L,USD,Close,2021,42.3125,54.39500045776367,28.555392514655644,148346000000.0,1.672,33.587278,-26.883392514655643,5.031885485344354,-26.883392514655643
Kuwait,KWT,MKUW.L,USD,Close,2022,54.56999969482422,57.65499877929688,5.65328770702791,183539000000.0,6.759,23.723592,1.1057122929720906,18.07030429297209,1.1057122929720906
Kuwait,KWT,MKUW.L,USD,Close,2023,56.58000183105469,52.53499984741211,-7.149172592324704,165396000000.0,-1.667,-9.885093,5.482172592324704,-2.7359204076752954,5.482172592324704
Kuwait,KWT,MKUW.L,USD,Close,2024,53.084999084472656,57.345001220703125,8.024869943864266,160226000000.0,-2.56,-3.125831,-10.584869943864266,-11.150700943864265,-10.584869943864266
Kuwait,KWT,MKUW.L,USD,Close,2025,57.20500183105469,71.88999938964844,25.67082787963788,157469000000.0,2.574,-1.720695,-23.09682787963788,-27.39152287963788,-23.09682787963788
Kuwait,KWT,MKUW.L,USD,Close,2026,71.83999633789062,68.54499816894531,-4.586578976769006,162895000000.0,3.927,3.445758,8.513578976769006,8.032336976769006,8.513578976769006
Malaysia,MYS,XCX3.L,GBp,Close,2010,10.199390258789062,8.15,-20.093262506776355,,,,,,
Malaysia,MYS,XCX3.L,GBp,Close,2011,8.15,8.16875,0.23006134969323355,,,,,,
Malaysia,MYS,XCX3.L,GBp,Close,2012,8.095,8.795,8.647313156269298,,,,,,
Malaysia,MYS,XCX3.L,GBp,Close,2013,8.8825,9.17375,3.2789192231916564,,,,,,
Malaysia,MYS,XCX3.L,GBp,Close,2014,9.12375,8.67875,-4.8773804630771185,,,,,,
Malaysia,MYS,XCX3.L,GBp,Close,2015,8.635,7.215,-16.444701795020265,301355000000.0,5.007,,21.451701795020263,,21.451701795020263
Malaysia,MYS,XCX3.L,GBp,Close,2016,7.05,8.34625,18.386524822695026,301256000000.0,4.45,-0.032852,-13.936524822695027,-18.419376822695025,-13.936524822695027
Malaysia,MYS,XCX3.L,GBp,Close,2017,8.37875,9.2225,10.070117857675665,319109000000.0,5.813,5.926189,-4.257117857675666,-4.143928857675665,-4.257117857675666
Malaysia,MYS,XCX3.L,GBp,Close,2018,9.2225,9.41625,2.1008403361344463,358783000000.0,4.843,12.432742,2.7421596638655537,10.331901663865553,2.7421596638655537
Malaysia,MYS,XCX3.L,GBp,Close,2019,9.47875,8.9,-6.105762890676503,365178000000.0,4.413,1.782414,10.518762890676502,7.888176890676503,10.518762890676502
Malaysia,MYS,XCX3.L,GBp,Close,2020,9.0125,8.865,-1.6366158113730878,337456000000.0,-5.457,-7.591366,-3.820384188626912,-5.954750188626912,-3.820384188626912
Malaysia,MYS,XCX3.L,GBp,Close,2021,8.80375,8.2775,-5.977566377963949,373785000000.0,3.315,10.765552,9.292566377963949,16.74311837796395,9.292566377963949
Malaysia,MYS,XCX3.L,GBp,Close,2022,8.1525,8.765,7.51303281202087,407830000000.0,9.032,9.108177,1.51896718797913,1.5951441879791295,1.51896718797913
Malaysia,MYS,XCX3.L,GBp,Close,2023,8.65875,7.90625,-8.690630864732206,399949000000.0,3.537,-1.932423,12.227630864732205,6.758207864732206,12.227630864732205
Malaysia,MYS,XCX3.L,GBp,Close,2024,7.9375,9.67,21.826771653543297,422227000000.0,5.105,5.57021,-16.721771653543296,-16.256561653543297,-16.721771653543296
Malaysia,MYS,XCX3.L,GBp,Close,2025,9.73375,10.415,6.998844227558743,470572000000.0,4.5,11.450002,-2.4988442275587426,4.451157772441257,-2.4988442275587426
Malaysia,MYS,XCX3.L,GBp,Close,2026,10.3675,10.9575,5.6908608632746605,505364000000.0,4.0,7.393555,-1.6908608632746605,1.7026941367253396,-1.6908608632746605
Mexico,MEX,XMEX.L,GBp,Close,2010,4.498500061035156,5.428900146484375,20.682451324344832,,,,,,
Mexico,MEX,XMEX.L,GBp,Close,2011,3.5,3.075599975585938,-12.125714983258916,,,,,,
Mexico,MEX,XMEX.L,GBp,Close,2012,3.12,3.723999938964844,19.358972402719353,,,,,,
Mexico,MEX,XMEX.L,GBp,Close,2013,3.845499877929688,3.665,-4.693794920281313,,,,,,
Mexico,MEX,XMEX.L,GBp,Close,2014,3.621499938964844,3.452999877929688,-4.652769953747926,,,,,,
Mexico,MEX,XMEX.L,GBp,Close,2015,3.4250000000000003,3.0835000610351564,-9.970801137659679,1213294000000.0,2.702,,12.672801137659679,,12.672801137659679
Mexico,MEX,XMEX.L,GBp,Close,2016,3.038999938964844,3.400499877929688,11.895358546403244,1112233000000.0,1.772,-8.329473,-10.123358546403244,-20.224831546403244,-10.123358546403244
Mexico,MEX,XMEX.L,GBp,Close,2017,3.370499877929688,3.495,3.6938177296949037,1190721000000.0,1.872,7.056795,-1.8218177296949036,3.3629772703050964,-1.8218177296949036
Mexico,MEX,XMEX.L,GBp,Close,2018,3.5675,3.1795001220703125,-10.875960138183249,1256300000000.0,1.972,5.507503,12.847960138183248,16.38346313818325,12.847960138183248
Mexico,MEX,XMEX.L,GBp,Close,2019,3.2554998779296875,3.3970001220703128,4.346498216753458,1304106000000.0,-0.393,3.805301,-4.739498216753458,-0.5411972167534582,-4.739498216753458
Mexico,MEX,XMEX.L,GBp,Close,2020,3.456499938964844,3.270499877929688,-5.381167780111673,1121065000000.0,-8.354,-14.035746,-2.9728322198883266,-8.654578219888327,-2.9728322198883266
Mexico,MEX,XMEX.L,GBp,Close,2021,3.296499938964844,3.955499877929688,19.990897957419087,1316569000000.0,6.048,17.439132,-13.942897957419087,-2.551765957419086,-13.942897957419087
Mexico,MEX,XMEX.L,GBp,Close,2022,3.916000061035157,4.377000122070313,11.772217922624218,1466935000000.0,3.71,11.42105,-8.062217922624217,-0.35116792262421903,-8.062217922624217
Mexico,MEX,XMEX.L,GBp,Close,2023,4.403500061035157,5.71,29.66957921780331,1798318000000.0,3.354,22.590162,-26.31557921780331,-7.079417217803311,-26.31557921780331
Mexico,MEX,XMEX.L,GBp,Close,2024,5.6875,4.167000122070313,-26.73406378777472,1856366000000.0,1.427,3.227905,28.16106378777472,29.96196878777472,28.16106378777472
Mexico,MEX,XMEX.L,GBp,Close,2025,4.322999877929687,6.1000000000000005,41.105717609257255,1862740000000.0,0.99,0.343359,-40.11571760925725,-40.762358609257255,-40.11571760925725
Mexico,MEX,XMEX.L,GBp,Close,2026,6.1125,6.8175,11.533742331288344,2030999000000.0,1.544,9.032876,-9.989742331288344,-2.5008663312883446,-9.989742331288344
Pakistan,PAK,XBAK.L,USD,Close,2012,1.149999976158142,1.2999999523162842,13.043476458082548,,,,,,
Pakistan,PAK,XBAK.L,USD,Close,2013,1.2799999713897705,1.7100000381469729,33.5937559662854,,,,,,
Pakistan,PAK,XBAK.L,USD,Close,2014,1.7300000190734863,2.0,15.606935141602719,,,,,,
Pakistan,PAK,XBAK.L,USD,Close,2015,2.0,1.7799999713897705,-11.000001430511475,299930000000.0,3.812,,14.812001430511474,,14.812001430511474
Pakistan,PAK,XBAK.L,USD,Close,2016,1.7799999713897705,2.369999885559082,33.1460631265436,313623000000.0,4.072,4.565399,-29.074063126543603,-28.580664126543603,-29.074063126543603
Pakistan,PAK,XBAK.L,USD,Close,2017,2.4800000190734863,1.809999942779541,-27.01613190084786,339229000000.0,4.609,8.16458,31.62513190084786,35.18071190084786,31.62513190084786
Pakistan,PAK,XBAK.L,USD,Close,2018,1.8899999856948853,1.2000000476837158,-36.50793350442705,356163000000.0,6.096,4.991908,42.60393350442705,41.49984150442705,42.60393350442705
Pakistan,PAK,XBAK.L,USD,Close,2019,1.2599999904632568,1.2100000381469729,-3.9682502138671305,321071000000.0,3.12,-9.852792,7.088250213867131,-5.88454178613287,7.088250213867131
Pakistan,PAK,XBAK.L,USD,Close,2020,1.25,1.1200000047683716,-10.399999618530275,300410000000.0,-0.943,-6.435025,9.456999618530276,3.9649746185302748,9.456999618530276
Pakistan,PAK,XBAK.L,USD,Close,2021,1.159999966621399,0.949999988079071,-18.103446946983205,348481000000.0,5.77,16.001798,23.873446946983204,34.105244946983206,23.873446946983204
Pakistan,PAK,XBAK.L,USD,Close,2022,0.9800000190734864,0.6700000166893005,-31.632652688850627,374850000000.0,6.18,7.56684,37.812652688850626,39.199492688850626,37.812652688850626
Pakistan,PAK,XBAK.L,USD,Close,2023,0.6800000071525574,0.800000011920929,17.647059339140526,336555000000.0,-0.212,-10.216086,-17.859059339140526,-27.863145339140527,-17.859059339140526
Pakistan,PAK,XBAK.L,USD,Close,2024,0.8059999942779541,1.3270000219345093,64.64020240140165,371408000000.0,2.51,10.355811,-62.130202401401654,-54.28439140140165,-62.130202401401654
Pakistan,PAK,XBAK.L,USD,Close,2025,1.337499976158142,1.805500030517578,34.99065889359694,410495000000.0,2.676,10.524006,-32.314658893596935,-24.466652893596937,-32.314658893596935
Pakistan,PAK,XBAK.L,USD,Close,2026,1.8539999723434448,1.5989999771118164,-13.754045255421977,,3.578,,17.332045255421978,,17.332045255421978
Philippines,PHL,XPHG.L,GBp,Close,2011,0.0127429997920989,0.7969999694824219,6154.414050737012,,,,,,
Philippines,PHL,XPHG.L,GBp,Close,2012,0.8030000305175782,1.1244999694824218,40.03735077788466,,,,,,
Philippines,PHL,XPHG.L,GBp,Close,2013,1.1480000305175782,1.008499984741211,-12.151571608710954,,,,,,
Philippines,PHL,XPHG.L,GBp,Close,2014,1.0175,1.3205000305175782,29.778872778140354,,,,,,
Philippines,PHL,XPHG.L,GBp,Close,2015,1.334499969482422,1.255500030517578,-5.919815719102905,306446000000.0,6.348,,12.267815719102906,,12.267815719102906
Philippines,PHL,XPHG.L,GBp,Close,2016,1.233499984741211,1.451999969482422,17.713821438518494,318627000000.0,7.149,3.974925,-10.564821438518493,-13.738896438518495,-10.564821438518493
Philippines,PHL,XPHG.L,GBp,Close,2017,1.4455000305175782,1.5810000610351562,9.373920972458262,328481000000.0,6.931,3.092644,-2.4429209724582615,-6.2812769724582616,-2.4429209724582615
Philippines,PHL,XPHG.L,GBp,Close,2018,1.5735000610351564,1.3960000610351562,-11.28058424625853,346842000000.0,6.341,5.589669,17.62158424625853,16.870253246258528,17.62158424625853
Philippines,PHL,XPHG.L,GBp,Close,2019,1.420500030517578,1.4455000305175782,1.7599436439921234,376823000000.0,6.119,8.643994,4.359056356007876,6.884050356007876,4.359056356007876
Philippines,PHL,XPHG.L,GBp,Close,2020,1.434499969482422,1.3585000610351563,-5.298006975537762,361751000000.0,-9.518,-3.999756,-4.219993024462239,1.2982509755377616,-4.219993024462239
Philippines,PHL,XPHG.L,GBp,Close,2021,1.3630000305175782,1.3275,-2.6045509701197678,394087000000.0,5.715,8.938745,8.319550970119767,11.543295970119768,8.319550970119767
Philippines,PHL,XPHG.L,GBp,Close,2022,1.31,1.2675,-3.244274809160308,404353000000.0,7.581,2.605009,10.825274809160309,5.849283809160308,10.825274809160309
Philippines,PHL,XPHG.L,GBp,Close,2023,1.274499969482422,1.2080000305175782,-5.217727780083791,437055000000.0,5.519,8.087488,10.736727780083791,13.305215780083792,10.736727780083791
Philippines,PHL,XPHG.L,GBp,Close,2024,1.2325,1.195999984741211,-2.961461684283073,461617000000.0,5.692,5.619888,8.653461684283073,8.581349684283074,8.653461684283073
Philippines,PHL,XPHG.L,GBp,Close,2025,1.223499984741211,1.1275,-7.84634131086781,494158000000.0,5.435,7.04935,13.28134131086781,14.89569131086781,13.28134131086781
Philippines,PHL,XPHG.L,GBp,Close,2026,1.136999969482422,1.1934999847412109,4.969218713744428,533922000000.0,5.731,8.046819,0.7617812862555722,3.0776002862555716,0.7617812862555722
Poland,POL,IPOL.L,USD,Close,2011,25.01733016967773,17.014999389648438,-31.987149411045156,,,,,,
Poland,POL,IPOL.L,USD,Close,2012,17.524999618530273,23.75,35.5206876859937,,,,,,
Poland,POL,IPOL.L,USD,Close,2013,24.18000030517578,24.53499984741211,1.4681535887340003,,,,,,
Poland,POL,IPOL.L,USD,Close,2014,24.325000762939453,21.059999465942383,-13.422409844161187,,,,,,
Poland,POL,IPOL.L,USD,Close,2015,20.709999084472656,15.625,-24.553352531459737,479729000000.0,4.432,,28.98535253145974,,28.98535253145974
Poland,POL,IPOL.L,USD,Close,2016,15.0,15.579999923706056,3.866666158040366,472883000000.0,3.031,-1.427056,-0.8356661580403659,-5.293722158040366,-0.8356661580403659
Poland,POL,IPOL.L,USD,Close,2017,15.710000038146973,24.020000457763672,52.89624697287321,528497000000.0,5.152,11.760626,-47.744246972873206,-41.135620972873205,-47.744246972873206
Poland,POL,IPOL.L,USD,Close,2018,24.07999992370605,20.989999771118164,-12.832226587948913,594641000000.0,6.246,12.515492,19.07822658794891,25.34771858794891,19.07822658794891
Poland,POL,IPOL.L,USD,Close,2019,21.020000457763672,19.56100082397461,-6.94100666991273,602592000000.0,4.581,1.337109,11.52200666991273,8.278115669912731,11.52200666991273
Poland,POL,IPOL.L,USD,Close,2020,20.040000915527344,17.368999481201172,-13.32834986178385,605930000000.0,-2.036,0.55394,11.292349861783851,13.882289861783851,11.292349861783851
Poland,POL,IPOL.L,USD,Close,2021,17.57699966430664,18.55599975585937,5.569779315299028,689253000000.0,6.927,13.751258,1.3572206847009713,8.181478684700972,1.3572206847009713
Poland,POL,IPOL.L,USD,Close,2022,18.927000045776367,13.619000434875488,-28.04459025763768,695734000000.0,5.255,0.940293,33.29959025763768,28.98488325763768,33.29959025763768
Poland,POL,IPOL.L,USD,Close,2023,13.685999870300291,20.315000534057617,48.43636363129584,812959000000.0,0.25,16.849112,-48.18636363129584,-31.58725163129584,-48.18636363129584
Poland,POL,IPOL.L,USD,Close,2024,19.645000457763672,19.075000762939453,-2.90150003330214,914553000000.0,2.923,12.496817,5.82450003330214,15.39831703330214,5.82450003330214
Poland,POL,IPOL.L,USD,Close,2025,18.93899917602539,32.95500183105469,74.00603656381143,1039619000000.0,3.243,13.675096,-70.76303656381144,-60.33094056381144,-70.76303656381144
Poland,POL,IPOL.L,USD,Close,2026,33.880001068115234,33.625,-0.7526595633883248,1109962000000.0,3.136,6.766229,3.888659563388325,7.518888563388325,3.888659563388325
Poland,POL,SPOL.L,GBp,Close,2011,25.0173291015625,10.99,-56.07045038507488,,,,,,
Poland,POL,SPOL.L,GBp,Close,2012,11.185,14.7,31.4260169870362,,,,,,
Poland,POL,SPOL.L,GBp,Close,2013,14.88,14.845,-0.23521505376343788,,,,,,
Poland,POL,SPOL.L,GBp,Close,2014,14.805,13.4975,-8.831475852752446,,,,,,
Poland,POL,SPOL.L,GBp,Close,2015,13.4775,10.535,-21.83268410313485,479729000000.0,4.432,,26.264684103134847,,26.264684103134847
Poland,POL,SPOL.L,GBp,Close,2016,10.225,12.6625,23.838630806845963,472883000000.0,3.031,-1.427056,-20.807630806845964,-25.265686806845963,-20.807630806845964
Poland,POL,SPOL.L,GBp,Close,2017,12.82,17.785,38.728549141965686,528497000000.0,5.152,11.760626,-33.576549141965685,-26.967923141965684,-33.576549141965685
Poland,POL,SPOL.L,GBp,Close,2018,17.734000244140624,16.41699951171875,-7.426416568687122,594641000000.0,6.246,12.515492,13.672416568687122,19.941908568687122,13.672416568687122
Poland,POL,SPOL.L,GBp,Close,2019,16.69699951171875,14.82800048828125,-11.193622076384136,602592000000.0,4.581,1.337109,15.774622076384137,12.530731076384136,15.774622076384137
Poland,POL,SPOL.L,GBp,Close,2020,15.231999511718753,12.724000244140626,-16.465331853829134,605930000000.0,-2.036,0.55394,14.429331853829135,17.019271853829135,14.429331853829135
Poland,POL,SPOL.L,GBp,Close,2021,12.93199951171875,13.78,6.55738107253101,689253000000.0,6.927,13.751258,0.3696189274689896,7.19387692746899,0.3696189274689896
Poland,POL,SPOL.L,GBp,Close,2022,13.981999511718753,11.305,-19.146042091298,695734000000.0,5.255,0.940293,24.401042091298,20.086335091298,24.401042091298
Poland,POL,SPOL.L,GBp,Close,2023,11.425,15.999000244140625,40.03501307781727,812959000000.0,0.25,16.849112,-39.78501307781727,-23.185901077817267,-39.78501307781727
Poland,POL,SPOL.L,GBp,Close,2024,15.554000244140626,15.20300048828125,-2.2566526317987057,914553000000.0,2.923,12.496817,5.179652631798706,14.753469631798705,5.179652631798706
Poland,POL,SPOL.L,GBp,Close,2025,15.32199951171875,24.5175,60.01501619451324,1039619000000.0,3.243,13.675096,-56.772016194513235,-46.33992019451324,-56.772016194513235
Poland,POL,SPOL.L,GBp,Close,2026,25.21,25.115,-0.376834589448638,1109962000000.0,3.136,6.766229,3.512834589448638,7.143063589448638,3.512834589448638
Saudi Arabia,SAU,IKSA.L,USD,Close,2019,5.0,4.474500179290772,-10.509996414184553,888888000000.0,1.652,0.262136,12.161996414184552,10.772132414184552,12.161996414184552
Saudi Arabia,SAU,IKSA.L,USD,Close,2020,4.501999855041504,4.505000114440918,0.06664281421631113,767303000000.0,-3.805,-13.678326,-3.8716428142163113,-13.74496881421631,-3.8716428142163113
Saudi Arabia,SAU,IKSA.L,USD,Close,2021,4.481500148773193,6.158999919891357,37.43165715563745,982661000000.0,6.52,28.066878,-30.911657155637453,-9.364779155637454,-30.911657155637453
Saudi Arabia,SAU,IKSA.L,USD,Close,2022,6.205999851226807,5.813499927520752,-6.324523575817764,1239075000000.0,12.001,26.093841,18.325523575817762,32.41836457581776,18.325523575817762
Saudi Arabia,SAU,IKSA.L,USD,Close,2023,5.871500015258789,6.363500118255615,8.379461836297741,1218585000000.0,0.543,-1.653653,-7.836461836297741,-10.033114836297742,-7.836461836297741
Saudi Arabia,SAU,IKSA.L,USD,Close,2024,6.495999813079834,6.382999897003174,-1.7395307778354963,1239805000000.0,1.997,1.741364,3.7365307778354966,3.480894777835496,3.7365307778354966
Saudi Arabia,SAU,IKSA.L,USD,Close,2025,6.420000076293945,6.0295000076293945,-6.082555514391419,1268535000000.0,4.021,2.3173,10.10355551439142,8.399855514391419,10.10355551439142
Saudi Arabia,SAU,IKSA.L,USD,Close,2026,6.045000076293945,6.24399995803833,3.2919748425609185,1316250000000.0,3.978,3.761426,0.6860251574390817,0.4694511574390816,0.6860251574390817
Singapore,SGP,0JLR.L,USD,Close,2018,28.049999237060547,21.77300071716309,-22.377891945195096,377124000000.0,3.452,9.73338,25.829891945195094,32.1112719451951,25.829891945195094
Singapore,SGP,0JLR.L,USD,Close,2019,22.13999938964844,22.13999938964844,0.0,376162000000.0,1.308,-0.255089,1.308,-0.255089,1.308
Singapore,SGP,0JLR.L,USD,Close,2020,24.020000457763672,21.38999938964844,-10.949213230614951,349166000000.0,-3.815,-7.176695,7.134213230614952,3.772518230614952,7.134213230614952
Singapore,SGP,0JLR.L,USD,Close,2021,21.75,21.274999618530277,-2.183909799860795,436591000000.0,9.757,25.038234,11.940909799860794,27.222143799860795,11.940909799860794
Singapore,SGP,0JLR.L,USD,Close,2022,21.450000762939453,19.020000457763672,-11.328672348460934,509018000000.0,4.108,16.58921,15.436672348460935,27.917882348460935,15.436672348460935
Singapore,SGP,0JLR.L,USD,Close,2023,18.88999938964844,18.708999633789062,-0.9581776691775068,505440000000.0,1.821,-0.702922,2.779177669177507,0.25525566917750675,2.779177669177507
Singapore,SGP,0JLR.L,USD,Close,2024,18.20120048522949,21.934999465942383,20.514025894846455,547387000000.0,4.388,8.299106,-16.126025894846457,-12.214919894846455,-16.126025894846457
Singapore,SGP,0JLR.L,USD,Close,2025,21.830400466918945,27.576400756835938,26.32109428603606,574185000000.0,2.226,4.895622,-24.095094286036062,-21.42547228603606,-24.095094286036062
Singapore,SGP,0JLR.L,USD,Close,2026,27.834999084472656,27.70499992370605,-0.46703490225412647,606225000000.0,1.823,5.580083,2.2900349022541264,6.047117902254127,2.2900349022541264
South Africa,ZAF,IRSA.L,USD,Close,2010,24.47846984863281,34.59120178222656,41.31276177035461,,,,,,
South Africa,ZAF,IRSA.L,USD,Close,2011,34.189998626708984,29.440000534057617,-13.892946134664951,,,,,,
South Africa,ZAF,IRSA.L,USD,Close,2012,30.15999984741211,34.64500045776367,14.87069175411948,,,,,,
South Africa,ZAF,IRSA.L,USD,Close,2013,35.09000015258789,32.2599983215332,-8.064980959670853,,,,,,
South Africa,ZAF,IRSA.L,USD,Close,2014,31.924999237060547,33.875,6.108068314926607,,,,,,
South Africa,ZAF,IRSA.L,USD,Close,2015,32.8849983215332,24.975000381469727,-24.053514805515384,346663000000.0,1.322,,25.375514805515383,,25.375514805515383
South Africa,ZAF,IRSA.L,USD,Close,2016,24.024999618530277,29.28499984741211,21.893861862228036,323493000000.0,0.665,-6.683725,-21.228861862228037,-28.577586862228035,-21.228861862228037
South Africa,ZAF,IRSA.L,USD,Close,2017,29.43000030517578,39.505001068115234,34.23377729686121,381317000000.0,1.158,17.874884,-33.07577729686121,-16.35889329686121,-33.07577729686121
South Africa,ZAF,IRSA.L,USD,Close,2018,39.86249923706055,29.979999542236328,-24.79147038938383,405093000000.0,1.557,6.235232,26.348470389383827,31.02670238938383,26.348470389383827
South Africa,ZAF,IRSA.L,USD,Close,2019,29.31999969482422,32.564998626708984,11.067527168008784,389245000000.0,0.26,-3.912188,-10.807527168008784,-14.979715168008784,-10.807527168008784
South Africa,ZAF,IRSA.L,USD,Close,2020,32.7400016784668,31.684999465942383,-3.222364564563518,337876000000.0,-6.169,-13.197087,-2.9466354354364817,-9.974722435436481,-2.9466354354364817
South Africa,ZAF,IRSA.L,USD,Close,2021,31.76000022888184,32.95000076293945,3.7468530399299427,419878000000.0,4.859,24.26985,1.1121469600700573,20.52299696007006,1.1121469600700573
South Africa,ZAF,IRSA.L,USD,Close,2022,33.2400016784668,31.71500015258789,-4.587850327537191,407430000000.0,2.058,-2.964671,6.6458503275371905,1.6231793275371906,6.6458503275371905
South Africa,ZAF,IRSA.L,USD,Close,2023,32.185001373291016,31.774999618530277,-1.2738907480705608,381334000000.0,0.806,-6.405027,2.079890748070561,-5.131136251929439,2.079890748070561
South Africa,ZAF,IRSA.L,USD,Close,2024,31.209999084472656,34.27000045776367,9.804554511548847,401076000000.0,0.535,5.177089,-9.269554511548847,-4.627465511548848,-9.269554511548847
South Africa,ZAF,IRSA.L,USD,Close,2025,34.599998474121094,60.56499862670898,75.04335635161455,426383000000.0,1.149,6.309777,-73.89435635161455,-68.73357935161455,-73.89435635161455
South Africa,ZAF,IRSA.L,USD,Close,2026,60.5099983215332,65.45500183105469,8.172208968252015,443643000000.0,1.151,4.048004,-7.021208968252015,-4.124204968252015,-7.021208968252015
South Africa,ZAF,SRSA.L,GBp,Close,2010,24.47846923828125,22.22,-9.22634996615429,,,,,,
South Africa,ZAF,SRSA.L,GBp,Close,2011,21.92,19.03,-13.184306569343063,,,,,,
South Africa,ZAF,SRSA.L,GBp,Close,2012,19.245,21.435,11.379579111457506,,,,,,
South Africa,ZAF,SRSA.L,GBp,Close,2013,21.595,19.51,-9.655012734429258,,,,,,
South Africa,ZAF,SRSA.L,GBp,Close,2014,19.42,21.7075,11.779093717816668,,,,,,
South Africa,ZAF,SRSA.L,GBp,Close,2015,21.3925,16.84,-21.280822718242366,346663000000.0,1.322,,22.602822718242365,,22.602822718242365
South Africa,ZAF,SRSA.L,GBp,Close,2016,16.38,23.83,45.48229548229548,323493000000.0,0.665,-6.683725,-44.81729548229548,-52.16602048229548,-44.81729548229548
South Africa,ZAF,SRSA.L,GBp,Close,2017,24.0225,29.725,23.738162139660734,381317000000.0,1.158,17.874884,-22.580162139660732,-5.863278139660732,-22.580162139660732
South Africa,ZAF,SRSA.L,GBp,Close,2018,29.31,23.455,-19.976117366086665,405093000000.0,1.557,6.235232,21.533117366086664,26.211349366086665,21.533117366086664
South Africa,ZAF,SRSA.L,GBp,Close,2019,23.2925,24.675,5.935386927122455,389245000000.0,0.26,-3.912188,-5.675386927122455,-9.847574927122455,-5.675386927122455
South Africa,ZAF,SRSA.L,GBp,Close,2020,24.87,23.1975,-6.724969843184558,337876000000.0,-6.169,-13.197087,0.5559698431845588,-6.472117156815441,0.5559698431845588
South Africa,ZAF,SRSA.L,GBp,Close,2021,23.365,24.43,4.558099721806119,419878000000.0,4.859,24.26985,0.30090027819388077,19.711750278193882,0.30090027819388077
South Africa,ZAF,SRSA.L,GBp,Close,2022,24.5525,26.29,7.076672436615428,407430000000.0,2.058,-2.964671,-5.018672436615428,-10.041343436615428,-5.018672436615428
South Africa,ZAF,SRSA.L,GBp,Close,2023,26.85,24.925,-7.1694599627560525,381334000000.0,0.806,-6.405027,7.9754599627560525,0.7644329627560529,7.9754599627560525
South Africa,ZAF,SRSA.L,GBp,Close,2024,24.63,27.23,10.55623223710922,401076000000.0,0.535,5.177089,-10.02123223710922,-5.379143237109221,-10.02123223710922
South Africa,ZAF,SRSA.L,GBp,Close,2025,27.95,45.015,61.055456171735244,426383000000.0,1.149,6.309777,-59.90645617173524,-54.74567917173525,-59.90645617173524
South Africa,ZAF,SRSA.L,GBp,Close,2026,44.925,49.5,10.183639398998334,443643000000.0,1.151,4.048004,-9.032639398998334,-6.1356353989983345,-9.032639398998334
South Korea,KOR,CSKR.L,USD,Close,2010,107.6999969482422,127.7300033569336,18.5979637662546,,,,,,
South Korea,KOR,CSKR.L,USD,Close,2011,130.02999877929688,110.58999633789062,-14.950398080370853,,,,,,
South Korea,KOR,CSKR.L,USD,Close,2012,115.87000274658205,133.69500732421875,15.38362315967281,,,,,,
South Korea,KOR,CSKR.L,USD,Close,2013,139.4600067138672,139.14999389648438,-0.22229514015360552,,,,,,
South Korea,KOR,CSKR.L,USD,Close,2014,134.4250030517578,121.0,-9.98698363174949,,,,,,
South Korea,KOR,CSKR.L,USD,Close,2015,119.37999725341795,111.30999755859376,-6.759926185702048,1539212000000.0,2.92,,9.679926185702048,,9.679926185702048
South Korea,KOR,CSKR.L,USD,Close,2016,106.5,122.2750015258789,14.8122080055201,1578816000000.0,3.172,2.573005,-11.6402080055201,-12.2392030055201,-11.6402080055201
South Korea,KOR,CSKR.L,USD,Close,2017,122.5500030517578,173.9199981689453,41.917579631142,1710197000000.0,3.433,8.321489,-38.484579631142,-33.596090631142,-38.484579631142
South Korea,KOR,CSKR.L,USD,Close,2018,178.8800048828125,140.22000122070312,-21.612255482347642,1824251000000.0,3.176,6.669056,24.788255482347644,28.281311482347643,24.788255482347644
South Korea,KOR,CSKR.L,USD,Close,2019,137.31500244140625,155.0500030517578,12.915559330757965,1751046000000.0,2.314,-4.01288,-10.601559330757965,-16.928439330757964,-10.601559330757965
South Korea,KOR,CSKR.L,USD,Close,2020,154.4250030517578,223.6499938964844,44.82757939238946,1744455000000.0,-0.7,-0.376404,-45.52757939238946,-45.20398339238946,-45.52757939238946
South Korea,KOR,CSKR.L,USD,Close,2021,229.1000061035156,205.22000122070312,-10.423397750597452,1942314000000.0,4.613,11.342167,15.036397750597452,21.765564750597452,15.036397750597452
South Korea,KOR,CSKR.L,USD,Close,2022,203.0,146.68499755859375,-27.741380513008007,1799363000000.0,2.728,-7.35983,30.46938051300801,20.38155051300801,30.46938051300801
South Korea,KOR,CSKR.L,USD,Close,2023,142.77999877929688,175.64999389648438,23.02142835005658,1844801000000.0,1.583,2.525227,-21.438428350056583,-20.49620135005658,-21.438428350056583
South Korea,KOR,CSKR.L,USD,Close,2024,173.49000549316406,135.83999633789062,-21.70154358359101,1875388000000.0,2.004,1.658011,23.705543583591012,23.35955458359101,23.705543583591012
South Korea,KOR,CSKR.L,USD,Close,2025,135.97000122070312,270.92498779296875,99.25350103748991,1858572000000.0,0.896,-0.896668,-98.35750103748991,-100.15016903748992,-98.35750103748991
South Korea,KOR,CSKR.L,USD,Close,2026,280.7250061035156,373.1000061035156,32.905868017307036,1936617000000.0,1.83,4.199192,-31.075868017307037,-28.706676017307036,-31.075868017307037
South Korea,KOR,FLRK.L,GBP,Close,2019,25.559999465942383,21.9424991607666,-14.152974885605719,1751046000000.0,2.314,-4.01288,16.46697488560572,10.14009488560572,16.46697488560572
South Korea,KOR,FLRK.L,GBP,Close,2020,21.9424991607666,31.290000915527344,42.599986839576445,1744455000000.0,-0.7,-0.376404,-43.29998683957645,-42.976390839576446,-43.29998683957645
South Korea,KOR,FLRK.L,GBP,Close,2021,32.23249816894531,29.4424991607666,-8.655857183501714,1942314000000.0,4.613,11.342167,13.268857183501716,19.998024183501713,13.268857183501716
South Korea,KOR,FLRK.L,GBP,Close,2022,29.024999618530277,23.739999771118164,-18.208440712736607,1799363000000.0,2.728,-7.35983,20.93644071273661,10.848610712736608,20.93644071273661
South Korea,KOR,FLRK.L,GBP,Close,2023,23.19499969482422,27.102500915527344,16.846308566992786,1844801000000.0,1.583,2.525227,-15.263308566992785,-14.321081566992785,-15.263308566992785
South Korea,KOR,FLRK.L,GBP,Close,2024,27.112499237060547,21.530000686645508,-20.590128935012476,1875388000000.0,2.004,1.658011,22.594128935012478,22.248139935012475,22.594128935012478
South Korea,KOR,FLRK.L,GBP,Close,2025,21.915000915527344,39.20500183105469,78.89573439751459,1858572000000.0,0.896,-0.896668,-77.99973439751459,-79.79240239751459,-77.99973439751459
South Korea,KOR,FLRK.L,GBP,Close,2026,40.400001525878906,54.77000045776367,35.56930294341652,1936617000000.0,1.83,4.199192,-33.73930294341652,-31.370110943416517,-33.73930294341652
Sweden,SWE,OMXS.L,GBp,Close,2016,40.08,3.551499938964844,-91.13897220817154,513058000000.0,2.131,2.283882,93.26997220817154,93.42285420817154,93.26997220817154
Sweden,SWE,OMXS.L,GBp,Close,2017,3.558999938964844,3.936499938964844,10.60691223585124,535172000000.0,1.883,4.310234,-8.723912235851241,-6.29667823585124,-8.723912235851241
Sweden,SWE,OMXS.L,GBp,Close,2018,3.9223001098632815,3.6545001220703126,-6.827626145167754,549649000000.0,1.77,2.705112,8.597626145167753,9.532738145167754,8.597626145167753
Sweden,SWE,OMXS.L,GBp,Close,2019,3.656499938964844,4.421000061035157,20.907975791919277,530894000000.0,2.608,-3.412178,-18.299975791919277,-24.320153791919278,-18.299975791919277
Sweden,SWE,OMXS.L,GBp,Close,2020,4.509500122070313,5.48375,21.604387438898833,544266000000.0,-1.934,2.51877,-23.538387438898834,-19.085617438898833,-23.538387438898834
Sweden,SWE,OMXS.L,GBp,Close,2021,5.5325,6.8225,23.316764572977867,631693000000.0,5.226,16.063285,-18.090764572977868,-7.2534795729778665,-18.090764572977868
Sweden,SWE,OMXS.L,GBp,Close,2022,6.83625,5.37875,-21.32016822088133,575071000000.0,1.255,-8.963531,22.57516822088133,12.356637220881332,22.57516822088133
Sweden,SWE,OMXS.L,GBp,Close,2023,5.3950000000000005,6.18375,14.62001853568118,578991000000.0,-0.204,0.681655,-14.82401853568118,-13.93836353568118,-14.82401853568118
Sweden,SWE,OMXS.L,GBp,Close,2024,6.10625,6.1625000000000005,0.9211873080859911,603715000000.0,0.82,4.270187,-0.10118730808599119,3.348999691914009,-0.10118730808599119
Sweden,SWE,OMXS.L,GBp,Close,2025,6.22,7.77,24.919614147909975,662318000000.0,0.75,9.707064,-24.169614147909975,-15.212550147909974,-24.169614147909975
Sweden,SWE,OMXS.L,GBp,Close,2026,7.78,8.3575,7.422879177377895,711503000000.0,1.932,7.426191,-5.490879177377895,0.003311822622105609,-5.490879177377895
Switzerland,CHE,CSWG.L,GBp,Close,2010,178.11,177.66,-0.2526528549772755,,,,,,
Switzerland,CHE,CSWG.L,GBp,Close,2011,4.482000122070312,4.1507501220703125,-7.390673605046438,,,,,,
Switzerland,CHE,CSWG.L,GBp,Close,2012,4.232250061035156,4.88375,15.393701448857566,,,,,,
Switzerland,CHE,CSWG.L,GBp,Close,2013,4.88375,5.991749877929688,22.68748150355131,,,,,,
Switzerland,CHE,CSWG.L,GBp,Close,2014,5.991749877929688,6.6705999755859375,11.329746926799466,,,,,,
Switzerland,CHE,CSWG.L,GBp,Close,2015,6.670709838867188,6.731270141601563,0.9078539495379845,693814000000.0,1.571,,0.6631460504620155,,0.6631460504620155
Switzerland,CHE,CSWG.L,GBp,Close,2016,6.605040283203125,6.48364990234375,-1.8378446709564455,687766000000.0,2.098,-0.871703,3.9358446709564454,0.9661416709564455,3.9358446709564454
Switzerland,CHE,CSWG.L,GBp,Close,2017,6.552960205078125,7.59197998046875,15.855731499566428,695507000000.0,1.428,1.125528,-14.427731499566427,-14.730203499566429,-14.427731499566427
Switzerland,CHE,CSWG.L,GBp,Close,2018,7.592150268554688,222.85,2835.2685618329283,725889000000.0,2.862,4.368324,-2832.406561832928,-2830.9002378329283,-2832.406561832928
Switzerland,CHE,CSWG.L,GBp,Close,2019,223.625,282.75,26.43935159306876,721896000000.0,1.163,-0.550084,-25.27635159306876,-26.989435593068762,-25.27635159306876
Switzerland,CHE,CSWG.L,GBp,Close,2020,285.075,304.77500000000003,6.9104621590809545,741288000000.0,-2.293,2.68626,-9.203462159080955,-4.224202159080955,-9.203462159080955
Switzerland,CHE,CSWG.L,GBp,Close,2021,307.90000000000003,365.025,18.553101656381934,814696000000.0,5.573,9.902764,-12.980101656381933,-8.650337656381934,-12.980101656381933
Switzerland,CHE,CSWG.L,GBp,Close,2022,364.35,8.440999755859375,-97.68327164653236,828513000000.0,3.124,1.69597,100.80727164653236,99.37924164653236,100.80727164653236
Switzerland,CHE,CSWG.L,GBp,Close,2023,8.483499755859375,9.164000244140626,8.021459396061669,894815000000.0,0.737,8.00253,-7.284459396061669,-0.01892939606166877,-7.284459396061669
Switzerland,CHE,CSWG.L,GBp,Close,2024,9.180999755859377,9.11,-0.7733335992527901,938153000000.0,1.363,4.843236,2.13633359925279,5.61656959925279,2.13633359925279
Switzerland,CHE,CSWG.L,GBp,Close,2025,9.200999755859376,11.239000244140623,22.149772224299944,1002666000000.0,0.946,6.876597,-21.203772224299943,-15.273175224299944,-21.203772224299943
Switzerland,CHE,CSWG.L,GBp,Close,2026,11.28800048828125,11.735,3.9599529800056876,1074588000000.0,1.275,7.173077,-2.6849529800056877,3.2131240199943125,-2.6849529800056877
Taiwan,TWN,XMTW.L,GBp,Close,2009,6.665,10.41,56.18904726181546,,,,,,
Taiwan,TWN,XMTW.L,GBp,Close,2010,10.56,13.08,23.863636363636353,,,,,,
Taiwan,TWN,XMTW.L,GBp,Close,2011,12.99,10.238200073242188,-21.183987118997784,,,,,,
Taiwan,TWN,XMTW.L,GBp,Close,2012,10.254200439453124,11.35,10.68634816548717,,,,,,
Taiwan,TWN,XMTW.L,GBp,Close,2013,11.635,12.11,4.082509669101841,,,,,,
Taiwan,TWN,XMTW.L,GBp,Close,2014,11.96,13.82,15.551839464882944,,,,,,
Taiwan,TWN,XMTW.L,GBp,Close,2015,13.7225,12.695,-7.487702678083441,534515000000.0,1.465,,8.95270267808344,,8.95270267808344
Taiwan,TWN,XMTW.L,GBp,Close,2016,12.2925,18.025,46.63412649989829,543081000000.0,2.165,1.602574,-44.46912649989829,-45.03155249989829,-44.46912649989829
Taiwan,TWN,XMTW.L,GBp,Close,2017,18.2625,20.94,14.66119096509242,591687000000.0,3.662,8.950046,-10.99919096509242,-5.711144965092419,-10.99919096509242
Taiwan,TWN,XMTW.L,GBp,Close,2018,20.94,20.27,-3.1996179560649596,610690000000.0,2.905,3.211664,6.10461795606496,6.411281956064959,6.10461795606496
Taiwan,TWN,XMTW.L,GBp,Close,2019,20.0275,26.325,31.444264136811874,613512000000.0,3.055,0.4621,-28.389264136811875,-30.982164136811875,-28.389264136811875
Taiwan,TWN,XMTW.L,GBp,Close,2020,26.785,34.855000000000004,30.12880343475828,676861000000.0,3.42,10.325633,-26.70880343475828,-19.80317043475828,-26.70880343475828
Taiwan,TWN,XMTW.L,GBp,Close,2021,35.56,44.95,26.406074240719903,776965000000.0,6.72,14.789447,-19.686074240719904,-11.616627240719904,-19.686074240719904
Taiwan,TWN,XMTW.L,GBp,Close,2022,45.79,35.46,-22.559510810220573,765624000000.0,2.684,-1.459654,25.243510810220574,21.099856810220572,25.243510810220574
Taiwan,TWN,XMTW.L,GBp,Close,2023,35.765,43.14,20.620718579616938,757335000000.0,1.122,-1.082646,-19.498718579616938,-21.703364579616938,-19.498718579616938
Taiwan,TWN,XMTW.L,GBp,Close,2024,42.55,54.35,27.732079905992958,797004000000.0,4.837,5.237973,-22.895079905992958,-22.494106905992957,-22.895079905992958
Taiwan,TWN,XMTW.L,GBp,Close,2025,54.43,67.385,23.801212566599304,884387000000.0,3.674,10.963935,-20.127212566599304,-12.837277566599305,-20.127212566599304
Taiwan,TWN,XMTW.L,GBp,Close,2026,68.06,76.89,12.973846605935947,971448000000.0,2.113,9.84422,-10.860846605935947,-3.1296266059359468,-10.860846605935947
Thailand,THA,XCX4.L,GBp,Close,2010,11.476719970703126,10.4,-9.381774352355832,,,,,,
Thailand,THA,XCX4.L,GBp,Close,2011,10.4,10.07,-3.173076923076923,,,,,,
Thailand,THA,XCX4.L,GBp,Close,2012,10.22,12.77,24.951076320939315,,,,,,
Thailand,THA,XCX4.L,GBp,Close,2013,13.105,10.79,-17.665013353681815,,,,,,
Thailand,THA,XCX4.L,GBp,Close,2014,9.9525,13.1475,32.1024868123587,,,,,,
Thailand,THA,XCX4.L,GBp,Close,2015,13.1425,10.405,-20.829370363325094,401296000000.0,3.134,,23.963370363325094,,23.963370363325094
Thailand,THA,XCX4.L,GBp,Close,2016,10.1575,15.92,56.731479202559676,413366000000.0,3.435,3.007755,-53.296479202559674,-53.72372420255967,-53.296479202559674
Thailand,THA,XCX4.L,GBp,Close,2017,16.01,19.385,21.08057464084947,456357000000.0,4.178,10.400226,-16.90257464084947,-10.68034864084947,-16.90257464084947
Thailand,THA,XCX4.L,GBp,Close,2018,19.294000244140623,19.52,1.1713473255915874,506754000000.0,4.223,11.043328,3.0516526744084125,9.871980674408412,3.0516526744084125
Thailand,THA,XCX4.L,GBp,Close,2019,20.0175,20.2375,1.0990383414512417,543977000000.0,2.115,7.345379,1.0159616585487585,6.246340658548759,1.0159616585487585
Thailand,THA,XCX4.L,GBp,Close,2020,20.6025,17.4425,-15.337944424220362,500462000000.0,-6.05,-7.999419,9.287944424220363,7.338525424220363,9.287944424220363
Thailand,THA,XCX4.L,GBp,Close,2021,17.675,17.465,-1.1881188118811892,506195000000.0,1.542,1.145542,2.730118811881189,2.333660811881189,2.730118811881189
Thailand,THA,XCX4.L,GBp,Close,2022,17.3175,20.19,16.587267215244704,495645000000.0,2.627,-2.084177,-13.960267215244706,-18.671444215244705,-13.960267215244706
Thailand,THA,XCX4.L,GBp,Close,2023,20.575,16.93,-17.715674362089917,515906000000.0,2.009,4.087805,19.724674362089917,21.803479362089917,19.724674362089917
Thailand,THA,XCX4.L,GBp,Close,2024,17.18,17.185,0.029103608847491635,526518000000.0,2.54,2.056964,2.5108963911525084,2.027860391152508,2.5108963911525084
Thailand,THA,XCX4.L,GBp,Close,2025,17.142500000000002,17.240000000000002,0.5687618492052016,558573000000.0,2.0,6.088111,1.4312381507947984,5.519349150794798,1.4312381507947984
Thailand,THA,XCX4.L,GBp,Close,2026,17.34,20.025,15.484429065743942,561509000000.0,1.6,0.525625,-13.884429065743943,-14.958804065743943,-13.884429065743943
Turkey,TUR,TURL.L,GBp,Close,2008,52.72,21.7,-58.83915022761761,,,,,,
Turkey,TUR,TURL.L,GBp,Close,2009,0.2218000030517578,0.4261000061035156,92.11000912569136,,,,,,
Turkey,TUR,TURL.L,GBp,Close,2010,0.4331000137329102,0.5411209869384765,24.941346058737878,,,,,,
Turkey,TUR,TURL.L,GBp,Close,2011,0.559124984741211,0.3484460067749023,-37.68012228318158,,,,,,
Turkey,TUR,TURL.L,GBp,Close,2012,0.3610029983520508,0.5637049865722656,56.149668879630596,,,,,,
Turkey,TUR,TURL.L,GBp,Close,2013,0.5742530059814454,0.3881750106811523,-32.40348650544207,,,,,,
Turkey,TUR,TURL.L,GBp,Close,2014,0.3830450057983398,0.5220180130004883,36.281117126824824,,,,,,
Turkey,TUR,TURL.L,GBp,Close,2015,0.5217150115966797,0.3885599899291992,-25.522559003998545,868204000000.0,5.806,,31.328559003998546,,31.328559003998546
Turkey,TUR,TURL.L,GBp,Close,2016,0.375806999206543,0.3746200180053711,-0.3158486147618378,870339000000.0,3.324,0.24591,3.6398486147618376,0.5617586147618377,3.6398486147618376
Turkey,TUR,TURL.L,GBp,Close,2017,0.3642549896240234,0.4505950164794922,23.70318302148371,863906000000.0,7.826,-0.739137,-15.87718302148371,-24.44232002148371,-15.87718302148371
Turkey,TUR,TURL.L,GBp,Close,2018,0.4616669845581054,0.2708209991455078,-41.33845213022326,807318000000.0,3.468,-6.55025,44.80645213022326,34.78820213022326,44.80645213022326
Turkey,TUR,TURL.L,GBp,Close,2019,0.2617210006713867,0.2594000053405761,-0.8868204404142599,775223000000.0,1.302,-3.975509,2.18882044041426,-3.0886885595857403,2.18882044041426
Turkey,TUR,TURL.L,GBp,Close,2020,0.2638500022888184,0.2261000061035156,-14.3073700427641,730345000000.0,1.803,-5.789044,16.1103700427641,8.518326042764102,16.1103700427641
Turkey,TUR,TURL.L,GBp,Close,2021,0.2284499931335449,0.168120002746582,-26.40840105068237,827673000000.0,11.811,13.326305,38.21940105068237,39.73470605068237,38.21940105068237
Turkey,TUR,TURL.L,GBp,Close,2022,0.1723900032043457,0.3614250183105469,109.65543917423392,924752000000.0,5.441,11.729149,-104.21443917423392,-97.92629017423391,-104.21443917423392
Turkey,TUR,TURL.L,GBp,Close,2023,0.3639250183105468,0.2917499923706054,-19.832389175935294,1153295000000.0,5.045,24.713977,24.877389175935292,44.54636617593529,24.877389175935292
Turkey,TUR,TURL.L,GBp,Close,2024,0.2917499923706054,0.2917499923706054,0.0,1358251000000.0,3.328,17.771342,3.328,17.771342,3.328
Turkey,TUR,TURL.L,GBp,Close,2025,0.2917499923706054,0.2917499923706054,0.0,1565471000000.0,3.494,15.256385,3.494,15.256385,3.494
Turkey,TUR,TURL.L,GBp,Close,2026,0.2917499923706054,0.2917499923706054,0.0,1576110000000.0,3.693,0.679604,3.693,0.679604,3.693
United Kingdom,GBR,CSUK.L,GBp,Close,2010,62.46,66.28,6.1159141850784415,,,,,,
United Kingdom,GBR,CSUK.L,GBp,Close,2011,66.28,65.25,-1.5540132770066384,,,,,,
United Kingdom,GBR,CSUK.L,GBp,Close,2012,66.29,70.815,6.8260672801327305,,,,,,
United Kingdom,GBR,CSUK.L,GBp,Close,2013,72.505,83.97,15.812702572236393,,,,,,
United Kingdom,GBR,CSUK.L,GBp,Close,2014,83.675,84.02,0.4123095309232161,,,,,,
United Kingdom,GBR,CSUK.L,GBp,Close,2015,83.58,81.88,-2.0339794209141004,2928558000000.0,2.223,,4.2569794209141,,4.2569794209141
United Kingdom,GBR,CSUK.L,GBp,Close,2016,79.62,96.69,21.43933685003767,2699086000000.0,1.922,-7.835665,-19.51733685003767,-29.27500185003767,-19.51733685003767
United Kingdom,GBR,CSUK.L,GBp,Close,2017,97.655,108.19,10.787978086119509,2682384000000.0,2.657,-0.618802,-8.130978086119509,-11.40678008611951,-8.130978086119509
United Kingdom,GBR,CSUK.L,GBp,Close,2018,107.45,98.035,-8.762214983713356,2875024000000.0,1.405,7.181671,10.167214983713356,15.943885983713356,10.167214983713356
United Kingdom,GBR,CSUK.L,GBp,Close,2019,98.145,113.92,16.073157063528456,2853074000000.0,1.624,-0.763472,-14.449157063528455,-16.836629063528456,-14.449157063528455
United Kingdom,GBR,CSUK.L,GBp,Close,2020,114.82,99.01,-13.769378157115476,2698705000000.0,-10.297,-5.41062,3.4723781571154753,8.358758157115476,3.4723781571154753
United Kingdom,GBR,CSUK.L,GBp,Close,2021,100.6,117.01,16.31212723658053,3144079000000.0,8.576,16.503249,-7.736127236580529,0.19112176341947062,-7.736127236580529
United Kingdom,GBR,CSUK.L,GBp,Close,2022,119.05,125.47,5.392692146157074,3125404000000.0,4.839,-0.593974,-0.5536921461570739,-5.9866661461570745,-0.5536921461570739
United Kingdom,GBR,CSUK.L,GBp,Close,2023,126.93,134.08,5.633026077365488,3371118000000.0,0.397,7.861832,-5.236026077365488,2.2288059226345114,-5.236026077365488
United Kingdom,GBR,CSUK.L,GBp,Close,2024,134.02,146.03,8.96134905238024,3644636000000.0,1.101,8.113569,-7.860349052380241,-0.8477800523802408,-7.860349052380241
United Kingdom,GBR,CSUK.L,GBp,Close,2025,147.76,182.92,23.795343800757983,3958780000000.0,1.308,8.619352,-22.487343800757984,-15.175991800757984,-22.487343800757984
United Kingdom,GBR,CSUK.L,GBp,Close,2026,184.26,196.15,6.452838380549242,4225639000000.0,1.264,6.74094,-5.1888383805492415,0.2881016194507584,-5.1888383805492415
United Kingdom,GBR,CUKX.L,GBp,Close,2010,64.84,69.7,7.495373226403457,,,,,,
United Kingdom,GBR,CUKX.L,GBp,Close,2011,70.74,67.67,-4.339836019225318,,,,,,
United Kingdom,GBR,CUKX.L,GBp,Close,2012,68.84,73.79,7.190586868099946,,,,,,
United Kingdom,GBR,CUKX.L,GBp,Close,2013,75.575,87.465,15.732715845186895,,,,,,
United Kingdom,GBR,CUKX.L,GBp,Close,2014,87.105,88.065,1.1021181332873997,,,,,,
United Kingdom,GBR,CUKX.L,GBp,Close,2015,87.525,86.505,-1.1653813196229712,2928558000000.0,2.223,,3.388381319622971,,3.388381319622971
United Kingdom,GBR,CUKX.L,GBp,Close,2016,84.13,102.73,22.108641388327598,2699086000000.0,1.922,-7.835665,-20.186641388327597,-29.944306388327597,-20.186641388327597
United Kingdom,GBR,CUKX.L,GBp,Close,2017,103.615,115.525,11.49447473821359,2682384000000.0,2.657,-0.618802,-8.83747473821359,-12.11327673821359,-8.83747473821359
United Kingdom,GBR,CUKX.L,GBp,Close,2018,114.68,105.07,-8.379839553540302,2875024000000.0,1.405,7.181671,9.784839553540301,15.561510553540302,9.784839553540301
United Kingdom,GBR,CUKX.L,GBp,Close,2019,105.06,123.17,17.237768893965356,2853074000000.0,1.624,-0.763472,-15.613768893965355,-18.001240893965356,-15.613768893965355
United Kingdom,GBR,CUKX.L,GBp,Close,2020,124.37,109.28,-12.13315108145051,2698705000000.0,-10.297,-5.41062,1.8361510814505095,6.72253108145051,1.8361510814505095
United Kingdom,GBR,CUKX.L,GBp,Close,2021,111.0,128.38,15.657657657657653,3144079000000.0,8.576,16.503249,-7.081657657657653,0.8455913423423471,-7.081657657657653
United Kingdom,GBR,CUKX.L,GBp,Close,2022,130.4,134.76,3.3435582822085808,3125404000000.0,4.839,-0.593974,1.4954417177914197,-3.937532282208581,1.4954417177914197
United Kingdom,GBR,CUKX.L,GBp,Close,2023,136.2,145.16,6.578560939794431,3371118000000.0,0.397,7.861832,-6.181560939794431,1.2832710602055686,-6.181560939794431
United Kingdom,GBR,CUKX.L,GBp,Close,2024,145.04,158.66,9.390512961941532,3644636000000.0,1.101,8.113569,-8.289512961941533,-1.276943961941532,-8.289512961941533
United Kingdom,GBR,CUKX.L,GBp,Close,2025,160.34,199.56,24.460521392041912,3958780000000.0,1.308,8.619352,-23.152521392041912,-15.841169392041913,-23.152521392041912
United Kingdom,GBR,CUKX.L,GBp,Close,2026,200.55,213.05,6.232859636000998,4225639000000.0,1.264,6.74094,-4.968859636000998,0.5080803639990021,-4.968859636000998
United States,USA,CSPX.L,USD,Close,2010,95.54000091552734,107.51000213623048,12.528784913124014,,,,,,
United States,USA,CSPX.L,USD,Close,2011,108.45999908447266,110.00499725341795,1.4244866144079493,,,,,,
United States,USA,CSPX.L,USD,Close,2012,111.68000030517578,123.08499908447266,10.212212346106453,,,,,,
United States,USA,CSPX.L,USD,Close,2013,128.4199981689453,165.5500030517578,28.91294612383146,,,,,,
United States,USA,CSPX.L,USD,Close,2014,165.1750030517578,190.55499267578125,15.365514850979345,,,,,,
United States,USA,CSPX.L,USD,Close,2015,187.63999938964844,191.5249938964844,2.070451140200924,18295000000000.0,2.946,,0.8755488597990762,,0.8755488597990762
United States,USA,CSPX.L,USD,Close,2016,185.4199981689453,213.41000366210935,15.095462069663569,18804900000000.0,1.82,2.7871,-13.275462069663568,-12.308362069663568,-13.275462069663568
United States,USA,CSPX.L,USD,Close,2017,213.13999938964844,259.5050048828125,21.753310324639074,19612100000000.0,2.458,4.292498,-19.295310324639075,-17.460812324639072,-19.295310324639075
United States,USA,CSPX.L,USD,Close,2018,258.75,245.33999633789065,-5.182610110960129,20656525000000.0,2.967,5.325411,8.149610110960129,10.50802111096013,8.149610110960129
United States,USA,CSPX.L,USD,Close,2019,244.8999938964844,320.29998779296875,30.788075041094043,21539975000000.0,2.584,4.276857,-28.204075041094043,-26.511218041094043,-28.204075041094043
United States,USA,CSPX.L,USD,Close,2020,321.7300109863281,376.75,17.101292119127166,21375275000000.0,-2.081,-0.764625,-19.182292119127165,-17.865917119127165,-19.182292119127165
United States,USA,CSPX.L,USD,Close,2021,373.7099914550781,487.3299865722656,30.403253248540786,23725650000000.0,6.152,10.995765,-24.251253248540785,-19.407488248540787,-24.251253248540785
United States,USA,CSPX.L,USD,Close,2022,489.1900024414063,396.0899963378906,-19.031461321547948,26054600000000.0,2.524,9.816169,21.55546132154795,28.847630321547946,21.55546132154795
United States,USA,CSPX.L,USD,Close,2023,394.2799987792969,502.0,27.32068620122947,27811500000000.0,2.935,6.743147,-24.385686201229472,-20.57753920122947,-24.385686201229472
United States,USA,CSPX.L,USD,Close,2024,497.5899963378906,628.780029296875,26.365086501839397,29298025000000.0,2.793,5.345001,-23.572086501839397,-21.020085501839397,-23.572086501839397
United States,USA,CSPX.L,USD,Close,2025,625.7999877929688,738.530029296875,18.013749393232704,30615743000000.0,2.017,4.497634,-15.996749393232705,-13.516115393232704,-15.996749393232705
United States,USA,CSPX.L,USD,Close,2026,733.52001953125,737.3200073242188,0.5180482729560731,31821293000000.0,2.102,3.93768,1.5839517270439267,3.4196317270439267,1.5839517270439267
United States,USA,VUAA.L,USD,Close,2019,50.0,57.40999984741211,14.819999694824215,21539975000000.0,2.584,4.276857,-12.235999694824216,-10.543142694824216,-12.235999694824216
United States,USA,VUAA.L,USD,Close,2020,57.76499938964844,67.55000305175781,16.939329638187207,21375275000000.0,-2.081,-0.764625,-19.020329638187206,-17.703954638187206,-19.020329638187206
United States,USA,VUAA.L,USD,Close,2021,66.9800033569336,87.37000274658203,30.44192052513195,23725650000000.0,6.152,10.995765,-24.289920525131947,-19.44615552513195,-24.289920525131947
United States,USA,VUAA.L,USD,Close,2022,87.75,71.08999633789062,-18.985759159099004,26054600000000.0,2.524,9.816169,21.509759159099005,28.801928159099006,21.509759159099005
United States,USA,VUAA.L,USD,Close,2023,70.7300033569336,90.05999755859375,27.329270867007892,27811500000000.0,2.935,6.743147,-24.394270867007894,-20.586123867007892,-24.394270867007894
United States,USA,VUAA.L,USD,Close,2024,89.23999786376953,112.81999969482422,26.42313132621432,29298025000000.0,2.793,5.345001,-23.63013132621432,-21.07813032621432,-23.63013132621432
United States,USA,VUAA.L,USD,Close,2025,112.1999969482422,132.4199981689453,18.0213919524709,30615743000000.0,2.017,4.497634,-16.0043919524709,-13.5237579524709,-16.0043919524709
United States,USA,VUAA.L,USD,Close,2026,131.63999938964844,132.24000549316406,0.45579315276327304,31821293000000.0,2.102,3.93768,1.6462068472367268,3.481886847236727,1.6462068472367268
United States,USA,VUSA.L,GBP,Close,2012,15.772000312805176,16.360000610351562,3.7281276051522427,,,,,,
United States,USA,VUSA.L,GBP,Close,2013,16.979999542236328,21.15999984741211,24.61719916292331,,,,,,
United States,USA,VUSA.L,GBP,Close,2014,21.25,25.40999984741211,19.576469870174627,,,,,,
United States,USA,VUSA.L,GBP,Close,2015,25.399999618530277,26.38999938964844,3.8976369527026433,18295000000000.0,2.946,,-0.9516369527026431,,-0.9516369527026431
United States,USA,VUSA.L,GBP,Close,2016,25.82999992370605,34.79999923706055,34.7270590005774,18804900000000.0,1.82,2.7871,-32.9070590005774,-31.9399590005774,-32.9070590005774
United States,USA,VUSA.L,GBP,Close,2017,34.88999938964844,37.880001068115234,8.569795731649975,19612100000000.0,2.458,4.292498,-6.111795731649975,-4.277297731649975,-6.111795731649975
United States,USA,VUSA.L,GBP,Close,2018,37.61000061035156,37.220001220703125,-1.0369566161110289,20656525000000.0,2.967,5.325411,4.003956616111029,6.362367616111029,4.003956616111029
United States,USA,VUSA.L,GBP,Close,2019,37.68000030517578,46.34624862670898,22.999597270021212,21539975000000.0,2.584,4.276857,-20.415597270021212,-18.722740270021212,-20.415597270021212
United States,USA,VUSA.L,GBP,Close,2020,46.76250076293945,51.82875061035156,10.834001100786406,21375275000000.0,-2.081,-0.764625,-12.915001100786405,-11.598626100786406,-12.915001100786405
United States,USA,VUSA.L,GBP,Close,2021,51.6662483215332,67.09249877929688,29.85750070677069,23725650000000.0,6.152,10.995765,-23.70550070677069,-18.861735706770688,-23.70550070677069
United States,USA,VUSA.L,GBP,Close,2022,67.12249755859375,60.212501525878906,-10.294605063947227,26054600000000.0,2.524,9.816169,12.818605063947228,20.110774063947225,12.818605063947228
United States,USA,VUSA.L,GBP,Close,2023,60.317501068115234,71.17874908447266,18.0067937564125,27811500000000.0,2.935,6.743147,-15.071793756412498,-11.263646756412498,-15.071793756412498
United States,USA,VUSA.L,GBP,Close,2024,71.25,89.63500213623047,25.803511770148035,29298025000000.0,2.793,5.345001,-23.010511770148035,-20.458510770148035,-23.010511770148035
United States,USA,VUSA.L,GBP,Close,2025,90.4375,97.02999877929688,7.2895632666724275,30615743000000.0,2.017,4.497634,-5.272563266672428,-2.791929266672428,-5.272563266672428
United States,USA,VUSA.L,GBP,Close,2026,96.13500213623048,97.5,1.4198760424795287,31821293000000.0,2.102,3.93768,0.6821239575204712,2.517803957520471,0.6821239575204712
Vietnam,VNM,XFVT.L,GBp,Close,2009,24.0,27.52,14.666666666666671,,,,,,
Vietnam,VNM,XFVT.L,GBp,Close,2010,29.77,23.72,-20.322472287537796,,,,,,
Vietnam,VNM,XFVT.L,GBp,Close,2011,24.01,11.780699462890626,-50.93419632282122,,,,,,
Vietnam,VNM,XFVT.L,GBp,Close,2012,11.678349609375,13.545,15.983854337829673,,,,,,
Vietnam,VNM,XFVT.L,GBp,Close,2013,14.085,14.78,4.93432729854455,,,,,,
Vietnam,VNM,XFVT.L,GBp,Close,2014,14.82,17.1525,15.73886639676112,,,,,,
Vietnam,VNM,XFVT.L,GBp,Close,2015,17.555,15.1875,-13.48618627171746,236795000000.0,6.987,,20.47318627171746,,20.47318627171746
Vietnam,VNM,XFVT.L,GBp,Close,2016,15.2,17.7525,16.792763157894754,252146000000.0,6.69,6.482823,-10.102763157894753,-10.309940157894754,-10.102763157894753
Vietnam,VNM,XFVT.L,GBp,Close,2017,18.18,24.26,33.443344334433455,277071000000.0,6.94,9.885146,-26.503344334433454,-23.558198334433456,-26.503344334433454
Vietnam,VNM,XFVT.L,GBp,Close,2018,24.535,22.7575,-7.244752394538412,304470000000.0,7.465,9.888801,14.709752394538413,17.133553394538414,14.709752394538413
Vietnam,VNM,XFVT.L,GBp,Close,2019,23.16,22.8825,-1.1981865284974136,331818000000.0,7.359,8.982166,8.557186528497414,10.180352528497412,8.557186528497414
Vietnam,VNM,XFVT.L,GBp,Close,2020,23.1725,26.01,12.245118135721222,346310000000.0,2.865,4.367454,-9.380118135721222,-7.877664135721222,-9.380118135721222
Vietnam,VNM,XFVT.L,GBp,Close,2021,26.45,34.765,31.4366729678639,370076000000.0,2.554,6.862638,-28.8826729678639,-24.5740349678639,-28.8826729678639
Vietnam,VNM,XFVT.L,GBp,Close,2022,35.78,21.575,-39.70095025153717,411068000000.0,8.538,11.076644,48.238950251537176,50.777594251537174,48.238950251537176
Vietnam,VNM,XFVT.L,GBp,Close,2023,22.8125,21.56,-5.490410958904112,433008000000.0,5.065,5.337316,10.555410958904112,10.827726958904112,10.555410958904112
Vietnam,VNM,XFVT.L,GBp,Close,2024,21.5375,19.625,-8.879860708067334,459472000000.0,7.091,6.111665,15.970860708067335,14.991525708067334,15.970860708067335
Vietnam,VNM,XFVT.L,GBp,Close,2025,19.9175,30.885,55.064641646793035,484726000000.0,6.457,5.496309,-48.607641646793034,-49.56833264679304,-48.607641646793034
Vietnam,VNM,XFVT.L,GBp,Close,2026,31.095,29.46,-5.258080077182825,511059000000.0,5.595,5.432554,10.853080077182824,10.690634077182825,10.853080077182824
